depth,cell_index,theta_0,phi_0,theta_1,phi_1,theta_2,phi_2,theta_3,phi_3,center_energy,volume,gradient_norm,gradient_0,gradient_1,gradient_2,gradient_3,gradient_4,gradient_5,gradient_6,gradient_7
10,0,0.0,0.0,0.0,1.4846544534494774,0.20259954084936208,2.2163432321819387,1.3744467859455345,1.4846544534494774,5.004880689708499,0.062331491957657296,2.6841455220098296,0.0,0.6182557255899452,0.8805595104851465,1.22228290174307,0.0065347684508503595,-1.9384797975299484,-0.8870942789359968,-0.09139808176291167
10,1,0.0,0.0,0.0,1.4846544534494774,0.20259954084936208,2.2163432321819387,1.3744467859455345,2.2163432321819387,5.091153853120484,0.062331491957657296,2.5648620391077728,0.0,0.5667896402164191,0.7236804186809552,1.5116818377782222,0.45424931816904546,-1.345568413010663,-1.1779297368500006,0.20965732575812576
10,2,0.0,0.0,0.0,2.2163432321819387,0.20259954084936208,1.4846544534494774,1.3744467859455345,1.4846544534494774,5.047635773081739,0.062331491957657296,2.633380146575365,0.0,0.6128600442267542,0.7236804186809552,-1.8492101647204988,0.28516894123224196,1.2172532583321063,-1.0088493599131971,-0.18707787126995612
10,3,0.0,0.0,0.0,1.4846544534494774,1.4181967859455344,1.4846544534494774,1.3744467859455345,2.2163432321819387,4.951144757890708,0.06233149195765729,2.692870341503045,0.0,0.49159276374725824,0.7742559532563971,-0.18116923167470014,-0.5437714102038289,1.3795068943993545,-0.23048454305256819,-2.031192486270792
10,4,0.0,0.0,0.0,1.4846544534494774,1.4181967859455344,2.2163432321819387,1.3744467859455345,1.4846544534494774,4.957619174980987,0.06233149195765729,2.6833037588840116,0.0,0.5029581646693411,0.7916481232635877,-0.19718577779621124,-0.40428448840682824,-2.016792441003527,-0.3873636348567594,1.3786278982150624
10,5,0.0,0.0,0.0,2.2163432321819387,1.4181967859455344,1.4846544534494774,1.3744467859455345,2.2163432321819387,4.972332221697559,0.06233149195765729,2.5623865525394582,0.0,0.22778631327007176,0.9108307974286358,0.16934035101763775,-0.40428448840682824,1.6528892843129956,-0.5065463090218075,-1.582267754568709
10,6,0.0,0.0,0.0,2.2163432321819387,1.4181967859455344,2.2163432321819387,1.3744467859455345,1.4846544534494774,4.960823747058904,0.06233149195765729,2.580757082733163,0.0,0.23915171419215459,0.8853257265473515,0.14537778851549002,-0.6548411834947834,-1.5918302718035922,-0.23048454305256819,1.6680268342502145
10,7,0.0,0.0,0.0,1.4846544534494774,0.20259954084936208,2.2163432321819387,1.7671458676442586,1.4846544534494774,4.7336070129407135,0.062331491957657296,2.396117093361433,0.0,0.46096130105263544,0.6649920700414855,1.2284080528014418,-0.1358834872246038,-1.7958040070269896,-0.5291085828168818,-0.23314965249859276
10,8,0.0,0.0,0.0,1.4846544534494774,0.20259954084936208,2.2163432321819387,2.1598449493429825,1.4846544534494774,4.570505528782625,0.062331491957657296,2.2760302478094103,0.0,0.3156402016444738,0.5506706662224139,1.2318698333452733,-0.23275465467350193,-1.7365162693058502,-0.317916011548912,-0.298679443333476
10,9,0.0,0.0,0.0,1.4846544534494774,0.6077986225480863,2.2163432321819387,2.1598449493429825,1.4846544534494774,4.421665000402277,0.062331491957657296,1.4938413523794154,0.0,0.29353759045536837,0.7908502364975052,0.4940936879761751,-0.37231532695785974,-0.9543126628181333,-0.41853490953964545,-0.22654396570252378
10,10,0.0,0.0,0.0,1.4846544534494774,0.20259954084936208,2.2163432321819387,1.7671458676442586,2.2163432321819387,4.743987498842661,0.062331491957657296,2.2731090350010996,0.0,0.5124273864261615,0.6066858410443245,1.4126762487232065,0.04820747611657569,-1.437450764542191,-0.6548933171609003,0.2079592438803475
10,11,0.0,0.0,0.0,1.4846544534494774,0.20259954084936208,2.2163432321819387,2.1598449493429825,2.2163432321819387,4.545292730021724,0.062331491957657296,2.184775840068312,0.0,0.46220321280815846,0.5267123837651257,1.3651113366390581,-0.14483659983791883,-1.487766979554916,-0.38187578392720695,0.19596281363414852
10,12,0.0,0.0,0.0,2.2163432321819387,0.20259954084936208,1.4846544534494774,1.7671458676442586,1.4846544534494774,4.748839637014087,0.062331491957657296,2.3604113264410826,0.0,0.45556561968944437,0.6066858410443245,-1.7590258950667492,-0.04037252647958604,1.2256991763279863,-0.5663133145647384,-0.2776375423290918
10,13,0.0,0.0,0.0,2.2163432321819387,0.20259954084936208,1.4846544534494774,2.1598449493429825,1.4846544534494774,4.576633157392412,0.062331491957657296,2.2580950997575964,0.0,0.31024452028128274,0.5267123837651257,-1.7207061103002232,-0.19514438817156143,1.2303242933257235,-0.33156799559356437,-0.32057733741550287
10,14,0.0,0.0,0.0,2.2163432321819387,0.20259954084936208,1.4846544534494774,1.7671458676442586,2.2163432321819387,4.713240996208146,0.062331491957657296,2.3347591198169977,0.0,0.5070317050629705,0.7308689095509932,-1.4669203782077436,-0.1358834872246038,1.4544552620802502,-0.5949854223263894,0.14171151825455447
10,15,0.0,0.0,0.0,2.2163432321819387,0.20259954084936208,1.4846544534494774,2.1598449493429825,2.2163432321819387,4.530313712133157,0.062331491957657296,2.223795875108166,0.0,0.45680753144496733,0.5882779403605157,-1.5045807648002367,-0.23275465467350193,1.3854636907015352,-0.3555232856870138,0.1633388693832007
10,16,0.0,0.0,0.0,1.4846544534494774,0.20259954084936208,2.2163432321819387,2.552544031041707,1.4846544534494774,4.4748105845894095,0.062331491957657296,2.225098445086607,0.0,0.20441624741130626,0.4781318592941657,1.2337960304727178,-0.30067920396951225,-1.7109351501066803,-0.1774526553246534,-0.3304812430179769
10,17,0.0,0.0,0.0,1.4846544534494774,0.20259954084936208,2.2163432321819387,2.945243112740431,1.4846544534494774,4.426788554344471,0.062331491957657296,2.2054233939448684,0.0,0.14422227713747698,0.4234218784704572,1.234666238144724,-0.35276157074889786,-1.7001896900538476,-0.07066030772155935,-0.3454372410507518
10,18,0.0,0.0,0.0,1.4846544534494774,0.6077986225480863,2.2163432321819387,2.552544031041707,1.4846544534494774,4.292909380262131,0.062331491957657296,1.401170327530825,0.0,0.18231363622220081,0.7183114295692569,0.4960198851036196,-0.4703805959740798,-0.8933867715690234,-0.24793083359517712,-0.29523797452493905
10,19,0.0,0.0,0.0,1.4846544534494774,0.6077986225480863,2.2163432321819387,2.945243112740431,1.4846544534494774,4.220817843948588,0.062331491957657296,1.366846939050831,0.0,0.12211966594837155,0.6636014487455484,0.49689009277562585,-0.5389969683716836,-0.8671171415990844,-0.1246044803738648,-0.32886858957256926
10,20,0.0,0.0,0.0,1.4846544534494774,0.20259954084936208,2.2163432321819387,2.552544031041707,2.2163432321819387,4.430956721174576,0.062331491957657296,2.154886306838338,0.0,0.4237632945124831,0.4682816739072198,1.34191892280593,-0.2568394100977537,-1.5163883193921608,-0.2114422638094661,0.18389588203140192
10,21,0.0,0.0,0.0,1.4846544534494774,0.20259954084936208,2.2163432321819387,2.945243112740431,2.2163432321819387,4.373354441171027,0.062331491957657296,2.1469129367975097,0.0,0.40295976064092526,0.4207193612725776,1.3322773041177451,-0.3340346031847045,-1.5313741775651026,-0.08668475808787307,0.17518778026207482
10,22,0.0,0.0,0.0,1.4846544534494774,0.6077986225480863,2.2163432321819387,2.552544031041707,2.2163432321819387,4.275081843213725,0.062331491957657296,1.318595398616605,0.0,0.4016606833233777,0.708461244182311,0.6041427774368319,-0.380486274377591,-0.6422165094056068,-0.32797496980471996,0.213722389857439
10,23,0.0,0.0,0.0,1.4846544534494774,0.6077986225480863,2.2163432321819387,2.945243112740431,2.2163432321819387,4.179862513956573,0.062331491957657296,1.3016966887264199,0.0,0.3808571494518198,0.6608989315476688,0.5945011587486468,-0.4941416128100349,-0.6713689760477836,-0.16675731873763397,0.19084767961887703
10,24,0.0,0.0,0.0,2.2163432321819387,0.20259954084936208,1.4846544534494774,2.552544031041707,1.4846544534494774,4.477364464850507,0.062331491957657296,2.216842242760735,0.0,0.1990205660481152,0.4682816739072198,-1.7041517020657249,-0.28494192986216477,1.2329551956172766,-0.18333974404505501,-0.34113884895707786
10,25,0.0,0.0,0.0,2.2163432321819387,0.20259954084936208,1.4846544534494774,2.945243112740431,1.4846544534494774,4.427651286701769,0.062331491957657296,2.202377205811325,0.0,0.1388265957742859,0.4207193612725776,-1.69787394566211,-0.3468326855803317,1.2343327107452293,-0.07388667569224588,-0.34940295251731013
10,26,0.0,0.0,0.0,2.2163432321819387,0.6077986225480863,1.4846544534494774,2.552544031041707,1.4846544534494774,4.305787826236547,0.062331491957657296,1.37227377307144,0.0,0.13506778143444084,0.708461244182311,-0.8598063999052078,-0.43169214331440997,0.49243736770519586,-0.2767691008679011,-0.3438805315000605
10,27,0.0,0.0,0.0,2.2163432321819387,0.6077986225480863,1.4846544534494774,2.945243112740431,1.4846544534494774,4.225915417790004,0.062331491957657296,1.3533433981123066,0.0,0.07487381116061158,0.6608989315476688,-0.8535286435015931,-0.5228145889706414,0.49511709170587037,-0.1380843425770274,-0.350842426187571
10,28,0.0,0.0,0.0,2.2163432321819387,0.20259954084936208,1.4846544534494774,2.552544031041707,2.2163432321819387,4.423587335309914,0.062331491957657296,2.175951269869017,0.0,0.41836761314929205,0.4978016302533587,-1.5255356831015046,-0.30067920396951225,1.35173569388959,-0.19712242628384644,0.1679650702811029
10,29,0.0,0.0,0.0,2.2163432321819387,0.20259954084936208,1.4846544534494774,2.945243112740431,2.2163432321819387,4.370581579790395,0.062331491957657296,2.1546348078472572,0.0,0.3975640792777342,0.42956288466909914,-1.535002590933633,-0.35276157074889786,1.3359094881848088,-0.0768013139202013,0.16924362250180716
10,30,0.0,0.0,0.0,2.2163432321819387,0.6077986225480863,1.4846544534494774,2.552544031041707,2.2163432321819387,4.241686130982637,0.062331491957657296,1.366933498741578,0.0,0.35441482853561773,0.73798120052845,-0.6811903809409875,-0.4703805959740798,0.6492028170135296,-0.2676006045543702,0.1411681466582428
10,31,0.0,0.0,0.0,2.2163432321819387,0.6077986225480863,1.4846544534494774,2.945243112740431,2.2163432321819387,4.164610869394512,0.062331491957657296,1.321848854357997,0.0,0.33361129466405987,0.6697424549441904,-0.6906572887731159,-0.5389969683716836,0.6147019942938932,-0.13074548657250676,0.15797086879605338
10,32,0.0,0.0,0.0,1.4846544534494774,1.4181967859455344,2.2163432321819387,1.7671458676442586,1.4846544534494774,4.702817523019309,0.06233149195765729,2.136433199051364,0.0,0.34566374013203127,0.5760806828199267,-0.19106062673783952,0.26450568705456473,-1.5359216458745308,-0.8405863698744915,0.9699929229587925
10,33,0.0,0.0,0.0,2.2163432321819387,1.4181967859455344,1.4846544534494774,1.7671458676442586,2.2163432321819387,4.682451506286742,0.06233149195765729,2.0595229825947965,0.0,0.17342405947981415,0.6419575223294344,0.10270540582830984,0.26450568705456473,1.238129157998354,-0.9064632093839992,-1.1680319046290404
10,34,0.0,0.0,0.0,1.4846544534494774,1.8233958676442588,1.4846544534494774,1.7671458676442586,2.2163432321819387,4.710705998460078,0.06233149195765729,2.4793165129888557,0.0,0.2751996116060558,0.45398682338625784,-0.27430691118862033,-0.36714995778733145,1.3799959408744096,-0.08683686559892638,-1.9347347876276937
10,35,0.0,0.0,0.0,1.4846544534494774,1.8233958676442588,1.4846544534494774,2.1598449493429825,2.2163432321819387,4.541136645137717,0.06233149195765729,1.9910309590386088,0.0,0.22497543798805272,0.3740133661070591,-0.32187182327276864,0.3177965418943207,0.9946724362100174,-0.6918099080013798,-1.4495288949530394
10,36,0.0,0.0,0.0,1.4846544534494774,2.228594949342983,1.4846544534494774,2.1598449493429825,2.2163432321819387,4.568220688500767,0.06233149195765733,2.391996989546917,0.0,0.07926147091283818,0.26541365979971787,-0.31860257901896155,-0.28492331895577006,1.376579769695123,0.019509659156052146,-1.888618917687049
10,37,0.0,0.0,0.0,1.4846544534494774,1.8233958676442588,2.2163432321819387,1.7671458676442586,1.4846544534494774,4.713778221343661,0.06233149195765729,2.4727641435176477,0.0,0.28966452182580216,0.46118852299297847,-0.28398609739959974,-0.31604542839689104,-1.927093573418396,-0.1451430945960874,1.3793741862073936
10,38,0.0,0.0,0.0,1.4846544534494774,1.8233958676442588,2.2163432321819387,2.1598449493429825,1.4846544534494774,4.529122348447569,0.06233149195765729,2.013530002295725,0.0,0.14434342241764053,0.34686711917390683,-0.2805243168557682,0.36890107128476113,-1.4802074655102675,-0.715768190458668,0.997512462086833
10,39,0.0,0.0,0.0,1.4846544534494774,2.228594949342983,2.2163432321819387,2.1598449493429825,1.4846544534494774,4.569749128782358,0.06233149195765733,2.3878435480723526,0.0,0.09398347048527478,0.26878132778816577,-0.3244143681494603,-0.26433270448692975,-1.8846203660453937,-0.00444862330123601,1.3761505513181314
10,40,0.0,0.0,0.0,2.2163432321819387,1.8233958676442588,1.4846544534494774,1.7671458676442586,2.2163432321819387,4.693412204611093,0.06233149195765729,2.3604982115835127,0.0,0.01139316112886934,0.527065362502486,0.18613084442409264,-0.31604542839689104,1.554584950585195,-0.21101993410559503,-1.6426292707686883
10,41,0.0,0.0,0.0,2.2163432321819387,1.8233958676442588,1.4846544534494774,2.1598449493429825,2.2163432321819387,4.488930531798101,0.06233149195765729,1.9399719377516604,0.0,-0.038831012489133766,0.3844743933120086,0.1484704578315995,0.36890107128476113,1.1692614459208028,-0.7533754645967697,-1.2334035494530529
10,42,0.0,0.0,0.0,2.2163432321819387,2.228594949342983,1.4846544534494774,2.1598449493429825,2.2163432321819387,4.529557312132892,0.06233149195765733,2.3005202921638497,0.0,-0.18454497956434832,0.30638860192626755,0.1831475800304831,-0.26433270448692975,1.5040094838584093,-0.042055897439337776,-1.6724935721870626
10,43,0.0,0.0,0.0,2.2163432321819387,1.8233958676442588,2.2163432321819387,1.7671458676442586,1.4846544534494774,4.686779159927982,0.06233149195765729,2.3772522713675137,0.0,0.025858071348615643,0.5147905655514663,0.17172561937441003,-0.42795369995253996,-1.649393281609073,-0.08683686559892638,1.5636423821291583
10,44,0.0,0.0,0.0,2.2163432321819387,1.8233958676442588,2.2163432321819387,2.1598449493429825,1.4846544534494774,4.517209806605621,0.06233149195765729,1.8752948262787514,0.0,-0.11946302805954596,0.4348171082722676,0.210045404140936,0.2569927997291122,-1.2025071737009447,-0.6918099080013798,1.1307539653806178
10,45,0.0,0.0,0.0,2.2163432321819387,2.228594949342983,2.2163432321819387,2.1598449493429825,1.4846544534494774,4.5255707155484535,0.06233149195765733,2.31129862137412,0.0,-0.1698229799919117,0.29936270639427337,0.17447960183060546,-0.3188723655503255,-1.6771629987452847,0.019509659156052146,1.5093920546119164
10,46,0.0,0.0,0.0,1.4846544534494774,1.8233958676442588,1.4846544534494774,2.552544031041707,1.4846544534494774,4.785733393296537,0.06233149195765729,2.6542721572714005,0.0,-0.032811527408799446,0.3254328416360989,-0.4531871294391091,1.598209608610016,-0.49131735654309067,-1.923642450246115,-0.48655113353883067
10,47,0.0,0.0,0.0,1.4846544534494774,1.8233958676442588,1.4846544534494774,2.945243112740431,1.4846544534494774,4.3014412475008115,0.06233149195765729,1.2578096271343762,0.0,-0.09300549768262871,0.2707228608123905,-0.4523169217671028,0.5049452043683196,-0.4712769002817885,-0.7756680651807101,-0.46564046960552224
10,48,0.0,0.0,0.0,1.4846544534494774,2.228594949342983,1.4846544534494774,2.945243112740431,1.4846544534494774,4.71332673879659,0.06233149195765733,2.7661365852037094,0.0,-0.23871946475784328,0.1621231545050493,-0.4490476775132957,1.7733120370303352,-0.48906120498766026,-1.9354351915353845,-0.48669401856520106
10,49,0.0,0.0,0.0,1.4846544534494774,1.8233958676442588,1.4846544534494774,2.552544031041707,2.2163432321819387,4.257544690636177,0.06233149195765729,1.1693191419447508,0.0,0.18653551969237742,0.31558265624915305,-0.34506423710589673,0.3583039694306387,0.3109201064300545,-0.6738866256797917,-0.6592979475126807
10,50,0.0,0.0,0.0,1.4846544534494774,1.8233958676442588,1.4846544534494774,2.945243112740431,2.2163432321819387,4.036560968191575,0.06233149195765729,0.7286493837090124,0.0,0.16573198582081955,0.2680203436145109,-0.3547058557940818,0.18108173623339902,-0.05581059337199098,-0.4491020798479099,-0.2611773130959202
10,51,0.0,0.0,0.0,1.4846544534494774,2.228594949342983,1.4846544534494774,2.552544031041707,2.2163432321819387,4.434060082264246,0.06233149195765733,1.9742482294468422,0.0,0.04082155261716287,0.20698294994181188,-0.34179499285208964,0.41507339370467533,1.0218006877098997,-0.6220563436464872,-1.4604818558865305
10,52,0.0,0.0,0.0,1.4846544534494774,2.228594949342983,1.4846544534494774,2.945243112740431,2.2163432321819387,4.1716000827712065,0.06233149195765733,1.153438073478823,0.0,0.020018018745605,0.15942063730716968,-0.3514366115402747,0.47146806076096903,0.33111337147542413,-0.6308886980681386,-0.6716824326332071
10,53,0.0,0.0,0.0,1.4846544534494774,1.8233958676442588,2.2163432321819387,2.552544031041707,1.4846544534494774,4.239256409159772,0.06233149195765729,1.1781022827070011,0.0,0.03311946818447295,0.27432831224565857,-0.2785981197283237,0.4094084988210791,-0.7065309263044073,-0.6837368110667377,0.3156863294343145
10,54,0.0,0.0,0.0,1.4846544534494774,1.8233958676442588,2.2163432321819387,2.945243112740431,1.4846544534494774,4.015928479148279,0.06233149195765729,0.6969088200695571,0.0,-0.02707450208935632,0.21961833142195009,-0.27772791205631747,0.23218626562383943,-0.3146880482912615,-0.4518045970457895,-0.050174162695724715
10,55,0.0,0.0,0.0,1.4846544534494774,2.228594949342983,2.2163432321819387,2.552544031041707,1.4846544534494774,4.429314537759581,0.06233149195765733,1.987182474697531,0.0,-0.017240483747892804,0.19624252085991747,-0.3224881710220158,0.4356640081735156,-1.4730377124793734,-0.631906529033433,1.0232976664603526
10,56,0.0,0.0,0.0,1.4846544534494774,2.228594949342983,2.2163432321819387,2.945243112740431,1.4846544534494774,4.164510330699651,0.06233149195765733,1.1666391595550225,0.0,-0.07743445402172207,0.14153254003620902,-0.3216179633500096,0.4920586752298093,-0.6905160456296648,-0.6335912152660182,0.33348055789788333
10,57,0.0,0.0,0.0,1.4846544534494774,1.8233958676442588,2.2163432321819387,2.945243112740431,2.2163432321819387,4.188466127622401,0.06233149195765729,1.3602251472322506,0.0,0.23166298141409195,0.21691581422407047,-0.18011684608329642,0.741717070902731,0.3243124637371097,-0.9586328851268014,0.3778231989324511
10,58,0.0,0.0,0.0,2.2163432321819387,1.8233958676442588,1.4846544534494774,2.552544031041707,1.4846544534494774,4.618036242581928,0.06233149195765729,2.6051688816010214,0.0,-0.29661797788598593,0.2644781268587127,-0.051100479433888554,1.6493141380004563,-0.3167283468323053,-1.913792264859169,-0.3784282412056183
10,59,0.0,0.0,0.0,2.2163432321819387,1.8233958676442588,1.4846544534494774,2.945243112740431,1.4846544534494774,4.136088304353093,0.06233149195765729,1.143027866869874,0.0,-0.3568119481598152,0.21691581422407047,-0.044822723030273785,0.55604973375876,-0.29668789057100314,-0.7729655479828305,-0.3680294036325012
10,60,0.0,0.0,0.0,2.2163432321819387,2.228594949342983,1.4846544534494774,2.945243112740431,1.4846544534494774,4.561516532620612,0.06233149195765733,2.7400025906195067,0.0,-0.5025259152350298,0.1388300228383294,-0.010145600831390213,1.7939026514991754,-0.36163149082437407,-1.9327326743375048,-0.38908295259218
10,61,0.0,0.0,0.0,2.2163432321819387,1.8233958676442588,1.4846544534494774,2.552544031041707,2.2163432321819387,4.188033159880277,0.06233149195765729,1.1125808911389086,0.0,-0.07727093078480907,0.2939980832048516,0.12751553953033176,0.4094084988210791,0.48550911614083986,-0.7034065820259308,-0.48068192854846037
10,62,0.0,0.0,0.0,2.2163432321819387,2.228594949342983,1.4846544534494774,2.552544031041707,2.2163432321819387,4.3780912884800856,0.06233149195765733,1.9237755027910781,0.0,-0.22298489786002362,0.21591229181911054,0.16219266172921534,0.4356640081735156,1.1492304018731858,-0.6515762999926261,-1.2818658369223102
10,63,0.0,0.0,0.0,2.2163432321819387,2.228594949342983,1.4846544534494774,2.945243112740431,2.2163432321819387,4.108303356145574,0.06233149195765733,1.106840079253467,0.0,-0.2437884317315815,0.14767354623485096,0.15272575389708687,0.4920586752298093,0.4585430856387103,-0.6397322214646602,-0.50881107790473
10,64,0.0,0.0,0.0,2.2163432321819387,1.8233958676442588,2.2163432321819387,2.552544031041707,1.4846544534494774,4.233617852104082,0.06233149195765729,1.0734850808040917,0.0,-0.23068698229271356,0.3763863984143616,0.22659981237543436,0.2975002272654302,-0.42883063449508435,-0.6738866256797917,0.42380922176752683
10,65,0.0,0.0,0.0,2.2163432321819387,2.228594949342983,2.2163432321819387,2.552544031041707,1.4846544534494774,4.391410109311932,0.06233149195765733,1.8940817175585722,0.0,-0.2810469342250793,0.24093199653636738,0.19103401006510382,0.38112434711011983,-1.2655803451792647,-0.6220563436464872,1.131420558793565
10,66,0.0,0.0,0.0,2.2163432321819387,2.228594949342983,2.2163432321819387,2.945243112740431,1.4846544534494774,4.128950109818893,0.06233149195765733,1.0960831331294651,0.0,-0.3412409044989086,0.19336968390172515,0.1973117664687186,0.43751901416641353,-0.4830586783295561,-0.6308886980681386,0.43109162387090433
10,67,0.0,0.0,0.0,2.2163432321819387,1.8233958676442588,2.2163432321819387,2.945243112740431,2.2163432321819387,4.2736852576839475,0.06233149195765729,1.5030334361986013,0.0,-0.032143469063094544,0.33766760917624095,0.3957489235075262,0.6298087993470821,0.6020127555464326,-0.9674764085233231,0.5406945536609281
10,68,0.0,0.0,0.0,1.4846544534494774,2.633794031041707,1.4846544534494774,2.552544031041707,2.2163432321819387,4.487245244263194,0.06233149195765726,2.356970992812354,0.0,-0.06497679643490674,0.136966973040932,-0.3400406762697306,-0.24094176454714836,1.3703670668978856,0.10397479150621634,-1.8627756371747437
10,69,0.0,0.0,0.0,1.4846544534494774,2.633794031041707,1.4846544534494774,2.945243112740431,2.2163432321819387,4.382449571916868,0.06233149195765726,1.9921739383685446,0.0,-0.08578033030646462,0.0894046604062898,-0.3496822949579157,0.47292992803880124,1.0471652568322938,-0.562334588445091,-1.4814485659734575
10,70,0.0,0.0,0.0,1.4846544534494774,3.038993112740431,1.4846544534494774,2.945243112740431,2.2163432321819387,4.451142549777266,0.06233149195765733,2.3407144792541517,0.0,-0.13452879378515067,0.03503250506585004,-0.34899312132913846,-0.21220887441822903,1.3618370716282509,0.177176369352379,-1.8457514783921345
10,71,0.0,0.0,0.0,1.4846544534494774,2.633794031041707,2.2163432321819387,2.552544031041707,1.4846544534494774,4.487970000256899,0.06233149195765726,2.3543530544292515,0.0,-0.053805268028562864,0.13878626159223403,-0.34320475567149605,-0.2329108677115045,-1.8608397523306397,0.09412460611927047,1.3701097290659796
10,72,0.0,0.0,0.0,1.4846544534494774,2.633794031041707,2.2163432321819387,2.945243112740431,1.4846544534494774,4.380830120343681,0.06233149195765726,1.998314305330926,0.0,-0.11399923830239214,0.08407628076852557,-0.3423345479994898,0.4809608248744451,-1.4857904375329682,-0.5650371056429706,1.047778126672394
10,73,0.0,0.0,0.0,1.4846544534494774,3.038993112740431,2.2163432321819387,2.945243112740431,1.4846544534494774,4.451333705694008,0.06233149195765733,2.339881567641732,0.0,-0.13084711038246605,0.03634797810208785,-0.34988924788152037,-0.21082183025658724,-1.8452375903859886,0.17447385215449937,1.3617607678395738
10,74,0.0,0.0,0.0,2.2163432321819387,2.633794031041707,1.4846544534494774,2.552544031041707,2.2163432321819387,4.436746750977404,0.06233149195765726,2.2884919012542366,0.0,-0.3287832469120932,0.1584560325514271,0.17668440316616232,-0.2329108677115045,1.4753258798293325,0.0744548351600774,-1.6841596182105234
10,75,0.0,0.0,0.0,2.2163432321819387,2.633794031041707,1.4846544534494774,2.945243112740431,2.2163432321819387,4.324623145789605,0.06233149195765726,1.9447146967014446,0.0,-0.34958678078365113,0.09021728696716753,0.16721749533403388,0.4809608248744451,1.1521240697637407,-0.5711781118416126,-1.3185772112449803
10,76,0.0,0.0,0.0,2.2163432321819387,3.038993112740431,1.4846544534494774,2.945243112740431,2.2163432321819387,4.395126731139932,0.06233149195765733,2.2852410718253604,0.0,-0.3983352442623372,0.04248898430072981,0.1720732548996906,-0.21082183025658724,1.4585520110488899,0.16833284595585743,-1.6828801236636575
10,77,0.0,0.0,0.0,2.2163432321819387,2.633794031041707,2.2163432321819387,2.552544031041707,1.4846544534494774,4.434548207635882,0.06233149195765726,2.2939479109516396,0.0,-0.3176117185057494,0.15360236558716248,0.17194896412971478,-0.2575771570933788,-1.686959172402867,0.10397479150621634,1.4782326213991919
10,78,0.0,0.0,0.0,2.2163432321819387,2.633794031041707,2.2163432321819387,2.945243112740431,1.4846544534494774,4.329752535289556,0.06233149195765726,1.9347338744150684,0.0,-0.37780568877957865,0.1060400529525203,0.17822672053332952,0.45629453549257076,-1.3119098576051955,-0.562334588445091,1.145389192645415
10,79,0.0,0.0,0.0,2.2163432321819387,3.038993112740431,2.2163432321819387,2.945243112740431,1.4846544534494774,4.394498579397469,0.06233149195765733,2.286655936642204,0.0,-0.39465356085965253,0.03822267083535707,0.17072926511682432,-0.21539904018773606,-1.6837102254403777,0.177176369352379,1.4593718338125947
10,80,0.0,0.0,0.0,1.4846544534494774,0.20259954084936208,2.2163432321819387,3.3379421944391554,1.4846544534494774,4.417762742934063,0.062331491957657296,2.2015475071980677,0.0,0.14422227713747696,0.37375373251441946,1.234666238144724,-0.3978875688105027,-1.6971700502711038,0.02413383629608326,-0.3501937321524792
10,81,0.0,0.0,0.0,1.4846544534494774,0.20259954084936208,2.2163432321819387,3.730641276137879,1.4846544534494774,4.446379193314679,0.062331491957657296,2.210759975687677,0.0,0.2044162474113062,0.319043751690711,1.2337960304727178,-0.4429097966078577,-1.6999947168573077,0.12386604491714666,-0.3466095573355549
10,82,0.0,0.0,0.0,1.4846544534494774,0.6077986225480863,2.2163432321819387,3.3379421944391554,1.4846544534494774,4.192296659925825,0.062331491957657296,1.3568160645449858,0.0,0.12211966594837152,0.6139333027895106,0.49689009277562585,-0.5914300156015746,-0.856046794605023,-0.02250328718793606,-0.34512429613273876
10,83,0.0,0.0,0.0,1.4846544534494774,0.6077986225480863,2.2163432321819387,3.730641276137879,1.4846544534494774,4.202860148020276,0.062331491957657296,1.3615820540438937,0.0,0.18231363622220076,0.5592233219658023,0.4960198851036196,-0.6366665630577172,-0.852830391849248,0.0774432410919149,-0.3510548850605328
10,84,0.0,0.0,0.0,1.4846544534494774,0.20259954084936208,2.2163432321819387,3.3379421944391554,2.2163432321819387,4.360694094152286,0.062331491957657296,2.150900989800884,0.0,0.40295976064092526,0.3764562497122991,1.3322773041177451,-0.39760973229528424,-1.5361420735818798,0.021153482582985203,0.1704198842452978
10,85,0.0,0.0,0.0,1.4846544534494774,0.20259954084936208,2.2163432321819387,3.730641276137879,2.2163432321819387,4.390370842307114,0.062331491957657296,2.1663112560082016,0.0,0.4237632945124831,0.32889393707765685,1.34191892280593,-0.46098870891448634,-1.531672991281732,0.1320947718368295,0.16861121014183075
10,86,0.0,0.0,0.0,1.4846544534494774,0.6077986225480863,2.2163432321819387,3.3379421944391554,2.2163432321819387,4.139100717111777,0.062331491957657296,1.3077975886079771,0.0,0.3808571494518198,0.6166358199873903,0.5945011587486468,-0.5720486476165278,-0.6867198987772541,-0.04458717237086239,0.17549675688940647
10,87,0.0,0.0,0.0,1.4846544534494774,0.6077986225480863,2.2163432321819387,3.730641276137879,2.2163432321819387,4.143454237952712,0.062331491957657296,1.3283149229843494,0.0,0.4016606833233777,0.5690735073527481,0.6041427774368319,-0.6358329651363204,-0.6917875625444239,0.06675945778357226,0.16415133671862203
10,88,0.0,0.0,0.0,2.2163432321819387,0.20259954084936208,1.4846544534494774,3.3379421944391554,1.4846544534494774,4.417500933897268,0.062331491957657296,2.2020234420875533,0.0,0.13882659577428588,0.3764562497122991,-1.69787394566211,-0.3978036415192831,1.2347709805337073,0.02134739180698403,-0.3489646827288322
10,89,0.0,0.0,0.0,2.2163432321819387,0.20259954084936208,1.4846544534494774,3.730641276137879,1.4846544534494774,4.444824994267619,0.062331491957657296,2.215077602217951,0.0,0.19902056604811513,0.32889393707765685,-1.7041517020657249,-0.44861733344422144,1.2343601780020488,0.1197233963665646,-0.3397338665723056
10,90,0.0,0.0,0.0,2.2163432321819387,0.6077986225480863,1.4846544534494774,3.3379421944391554,1.4846544534494774,4.193234906086208,0.062331491957657296,1.3514921221445988,0.0,0.07487381116061156,0.6166358199873903,-0.8535286435015931,-0.5852760592658749,0.49652816393435717,-0.03135976072151542,-0.3494313539590842
10,91,0.0,0.0,0.0,2.2163432321819387,0.6077986225480863,1.4846544534494774,3.730641276137879,1.4846544534494774,4.200256229809286,0.062331491957657296,1.3612704722050082,0.0,0.1350677814344408,0.5690735073527481,-0.8598063999052078,-0.6364147306831601,0.4969939886753959,0.06734122333041206,-0.3393239105298604
10,92,0.0,0.0,0.0,2.2163432321819387,0.20259954084936208,1.4846544534494774,3.3379421944391554,2.2163432321819387,4.361555768379986,0.062331491957657296,2.147161681041378,0.0,0.3975640792777342,0.3676127263157775,-1.535002590933633,-0.3978875688105027,1.3311529970830813,0.03027484249472521,0.17226326228455097
10,93,0.0,0.0,0.0,2.2163432321819387,0.20259954084936208,1.4846544534494774,3.730641276137879,2.2163432321819387,4.395155944035184,0.062331491957657296,2.150474652354325,0.0,0.41836761314929205,0.29937398073151794,-1.5255356831015046,-0.4429097966078577,1.335607379572012,0.1435358158763397,0.17890550353047535
10,94,0.0,0.0,0.0,2.2163432321819387,0.6077986225480863,1.4846544534494774,3.3379421944391554,2.2163432321819387,4.136089685371749,0.062331491957657296,1.301724065149673,0.0,0.3336112946640598,0.6077922965908688,-0.6906572887731159,-0.5914300156015746,0.5984462877337237,-0.016362280989294112,0.16904121579011477
10,95,0.0,0.0,0.0,2.2163432321819387,0.6077986225480863,1.4846544534494774,3.730641276137879,2.2163432321819387,4.151636898740782,0.062331491957657296,1.2964004502065023,0.0,0.3544148285356177,0.5395535510066092,-0.6811903809409875,-0.6366665630577172,0.5933859064779359,0.09711301205110795,0.18172452637801811
10,96,0.0,0.0,0.0,1.4846544534494774,0.20259954084936208,2.2163432321819387,4.123340357836604,1.4846544534494774,4.518209114648245,0.06233149195765723,2.2406857189419296,0.0,0.31564020164447376,0.2465049447624627,1.2318698333452733,-0.49465028709035874,-1.7104220168935227,0.248145342327896,-0.3331325363364888
10,97,0.0,0.0,0.0,1.4846544534494774,0.20259954084936208,2.2163432321819387,4.516039439535327,1.4846544534494774,4.64862345494731,0.06233149195765737,2.311469124466856,0.0,0.4609613010526353,0.13218354094339121,1.2284080528014418,-0.5618961861103099,-1.735332335854229,0.42971264516691865,-0.303622730322875
10,98,0.0,0.0,0.0,1.4846544534494774,0.6077986225480863,2.2163432321819387,4.123340357836604,1.4846544534494774,4.25537120877953,0.06233149195765723,1.3867970577793356,0.0,0.2935375904553683,0.48668451503755394,0.4940936879761751,-0.6815917694906082,-0.8554617579857855,0.19490725445305426,-0.34882714247596186
10,99,0.0,0.0,0.0,1.4846544534494774,0.6077986225480863,2.2163432321819387,4.516039439535327,1.4846544534494774,4.362120663095867,0.06233149195765737,1.4499358691834159,0.0,0.4388586898635298,0.3723631112184825,0.4906319074323436,-0.7329990887978796,-0.8655774093656229,0.3606359775793971,-0.33730238033795934
10,100,0.0,0.0,0.0,1.4846544534494774,0.20259954084936208,2.2163432321819387,4.123340357836604,2.2163432321819387,4.4675395232818875,0.06233149195765723,2.1999394382776383,0.0,0.4622032128081584,0.27046322721975086,1.3651113366390581,-0.5374923216728277,-1.5170488945101477,0.26702909445307677,0.16668089867891667
10,101,0.0,0.0,0.0,1.4846544534494774,0.20259954084936208,2.2163432321819387,4.516039439535327,2.2163432321819387,4.607237263755026,0.06233149195765737,2.272651218302363,0.0,0.5124273864261615,0.1904897699405522,1.4126762487232063,-0.6478855952572162,-1.4889510038486238,0.457395825316664,0.15645900457391473
10,102,0.0,0.0,0.0,1.4846544534494774,0.6077986225480863,2.2163432321819387,4.123340357836604,2.2163432321819387,4.192866905021285,0.06233149195765723,1.3667385773088279,0.0,0.44010060161905296,0.5106427974948421,0.62733519126996,-0.6990287284478258,-0.6876164010635611,0.18838593095298378,0.15176808996498634
10,103,0.0,0.0,0.0,1.4846544534494774,0.6077986225480863,2.2163432321819387,4.516039439535327,2.2163432321819387,4.2958351725103,0.06233149195765737,1.4387402346915834,0.0,0.49032477523705603,0.43066934021564346,0.6749001033541082,-0.7748606316992059,-0.6733508569941239,0.3441912914835625,0.12771384926789767
10,104,0.0,0.0,0.0,2.2163432321819387,0.20259954084936208,1.4846544534494774,4.123340357836604,1.4846544534494774,4.514295017772515,0.06233149195765723,2.251448301953982,0.0,0.3102445202812827,0.27046322721975086,-1.720706110300223,-0.509953619026803,1.2330159163452907,0.23949039180705214,-0.3178857143959357
10,105,0.0,0.0,0.0,2.2163432321819387,0.20259954084936208,1.4846544534494774,4.516039439535327,1.4846544534494774,4.639201004661973,0.06233149195765737,2.33474539968026,0.0,0.4555656196894442,0.1904897699405522,-1.759025895066749,-0.5984607249115489,1.2304331300274742,0.4079709549709968,-0.272903588629604
10,106,0.0,0.0,0.0,2.2163432321819387,0.6077986225480863,1.4846544534494774,4.123340357836604,1.4846544534494774,4.247473045469442,0.06233149195765723,1.3926375557256716,0.0,0.24629173566760837,0.5106427974948421,-0.8763608081397062,-0.6870815325024129,0.4966105713245367,0.1764387350075708,-0.3165149140475916
10,107,0.0,0.0,0.0,2.2163432321819387,0.6077986225480863,1.4846544534494774,4.516039439535327,1.4846544534494774,4.342931410697316,0.06233149195765737,1.467578066102133,0.0,0.3916128350757698,0.43066934021564346,-0.9146805929062322,-0.7478792792544473,0.4952992681921202,0.31720993903880385,-0.27026130509585977
10,108,0.0,0.0,0.0,2.2163432321819387,0.20259954084936208,1.4846544534494774,4.123340357836604,2.2163432321819387,4.478017297998779,0.06233149195765723,2.1687606235928043,0.0,0.45680753144496733,0.20889767062436096,-1.5045807648002367,-0.49465028709035874,1.3510105976985225,0.28575261646599776,0.1894331217955281
10,109,0.0,0.0,0.0,2.2163432321819387,0.20259954084936208,1.4846544534494774,4.516039439535327,2.2163432321819387,4.628257438214742,0.06233149195765737,2.2205751764593185,0.0,0.5070317050629704,0.06630670143388365,-1.4669203782077436,-0.5618961861103099,1.3839821842559679,0.4955894846764262,0.202183189427315
10,110,0.0,0.0,0.0,2.2163432321819387,0.6077986225480863,1.4846544534494774,4.123340357836604,2.2163432321819387,4.215179392130063,0.06233149195765723,1.3067591722599428,0.0,0.392854746831293,0.4490772408994522,-0.6602354626397198,-0.6815917694906082,0.5975398461899513,0.23251452859115604,0.2000480785427484
10,111,0.0,0.0,0.0,2.2163432321819387,0.6077986225480863,1.4846544534494774,4.516039439535327,2.2163432321819387,4.3417546463633006,0.06233149195765737,1.3505703991517206,0.0,0.4430789204492961,0.30648627170897486,-0.6225750760472267,-0.7329990887978796,0.6125263888717853,0.42651281708890465,0.22759281375540408
10,112,0.0,0.0,0.0,1.4846544534494774,1.0129977042468103,1.4846544534494774,3.3379421944391554,1.4846544534494774,4.304536229319569,0.062331491957657296,1.4791565770269204,0.0,0.2211319818386067,0.9075428950393548,-0.46957432264350923,-0.8140897072943277,-0.47141053475274486,-0.0934531877450271,-0.44851670320007225
10,113,0.0,0.0,0.0,1.4846544534494774,1.0129977042468103,1.4846544534494774,3.730641276137879,1.4846544534494774,4.291225354484091,0.062331491957657296,1.4897209915149614,0.0,0.2813259521124359,0.8528329142156463,-0.4704445303155155,-0.8771384609961822,-0.46996559293987067,0.02430554678053587,-0.44794196905920425
10,114,0.0,0.0,0.0,1.4846544534494774,1.4181967859455344,1.4846544534494774,3.3379421944391554,1.4846544534494774,4.106623080978167,0.06233149195765729,0.9506635356377006,0.0,0.06902540066831608,0.4243292670898613,-0.4581848313081983,-0.23463369553290478,-0.4628650826555397,-0.18969557155695652,-0.4513607424381779
10,115,0.0,0.0,0.0,1.4846544534494774,1.4181967859455344,1.4846544534494774,3.730641276137879,1.4846544534494774,4.062402359749347,0.06233149195765729,0.941989133496907,0.0,0.1292193709421453,0.3696192862661528,-0.45905503898020455,-0.3285133117208214,-0.46008552202678654,-0.04110597454533147,-0.44945138948143104
10,116,0.0,0.0,0.0,1.4846544534494774,1.4181967859455344,1.4846544534494774,3.3379421944391554,2.2163432321819387,3.9456848211410565,0.06233149195765729,0.7819627172682272,0.0,0.32776288417176436,0.4270317842877409,-0.3605737653351773,-0.2755806625530159,-0.30273701806345893,-0.15145112173472502,-0.033700919321823224
10,117,0.0,0.0,0.0,1.4846544534494774,1.4181967859455344,1.4846544534494774,3.730641276137879,2.2163432321819387,3.909824098989008,0.06233149195765729,0.7900684700589043,0.0,0.3485664180433222,0.3794694716530987,-0.35093214664699224,-0.345620902351705,-0.33883467524804567,-0.03384856930139369,-0.012276692963139303
10,118,0.0,0.0,0.0,1.4846544534494774,1.0129977042468103,2.2163432321819387,3.3379421944391554,1.4846544534494774,3.992407806607415,0.062331491957657296,0.7679101020902739,0.0,0.08149400844112709,0.45195152576824993,0.02405552014071631,-0.3751373604820618,-0.3520258225810374,-0.07681416528618809,-0.32810846804842553
10,119,0.0,0.0,0.0,1.4846544534494774,1.0129977042468103,2.2163432321819387,3.730641276137879,1.4846544534494774,3.983383029747972,0.062331491957657296,0.7732996685569063,0.0,0.14168797871495634,0.39724154494454145,0.02318531246871006,-0.4279299937966172,-0.34062364056092587,0.030688448852075775,-0.34567060236733366
10,120,0.0,0.0,0.0,1.4846544534494774,1.4181967859455344,2.2163432321819387,3.3379421944391554,1.4846544534494774,3.889783888417564,0.06233149195765729,0.5202930780258587,0.0,0.028924716216872783,0.2848423452928607,-0.18480244139455726,-0.13609374075601524,-0.17063709311294736,-0.1487486045368454,-0.29123267784609713
10,121,0.0,0.0,0.0,1.4846544534494774,1.4181967859455344,2.2163432321819387,3.730641276137879,1.4846544534494774,3.856267373832407,0.06233149195765729,0.5163240846992428,0.0,0.08911868649070202,0.23013236446915222,-0.1856726490665635,-0.2061339805547044,-0.14293511035064868,-0.02399838391444782,-0.32820054270269017
10,122,0.0,0.0,0.0,1.4846544534494774,1.0129977042468103,2.2163432321819387,3.730641276137879,2.2163432321819387,3.928089270678091,0.062331491957657296,0.7332049741761258,0.0,0.3610350258161332,0.4070917303314873,0.1313082048019224,-0.40788763222678587,-0.17076757986303645,0.0007959018952985264,0.1695382034300537
10,123,0.0,0.0,0.0,1.4846544534494774,1.4181967859455344,2.2163432321819387,3.730641276137879,2.2163432321819387,3.8141151468805283,0.06233149195765729,0.47777066723272665,0.0,0.3084657335918789,0.23998254985609807,-0.07754975673335117,-0.15919187294380657,0.05530062956856057,-0.08079067691229151,0.18595904695606993
10,124,0.0,0.0,0.0,2.2163432321819387,1.0129977042468103,1.4846544534494774,3.3379421944391554,1.4846544534494774,3.9977105019926826,0.062331491957657296,0.7642645081583449,0.0,-0.04267446863857981,0.45465404296612955,-0.3378955275316374,-0.3584983380232228,0.02221930803148065,-0.09615570494290672,-0.3509056372270512
10,125,0.0,0.0,0.0,2.2163432321819387,1.0129977042468103,1.4846544534494774,3.730641276137879,1.4846544534494774,3.9820554195903135,0.062331491957657296,0.7605483343345768,0.0,0.017519501635249426,0.4070917303314873,-0.34417328393525215,-0.4215470917250773,0.023664249844354866,0.014455361393590004,-0.33981907672599193
10,126,0.0,0.0,0.0,2.2163432321819387,1.4181967859455344,1.4846544534494774,3.3379421944391554,1.4846544534494774,3.9060016941502527,0.06233149195765729,0.5866700553349529,0.0,-0.1947810498088704,0.2875448624907403,-0.12824816162605657,-0.09514677373590415,-0.18948269274189863,-0.19239808875483613,-0.3537496764651569
10,127,0.0,0.0,0.0,2.2163432321819387,1.4181967859455344,1.4846544534494774,3.730641276137879,1.4846544534494774,3.8594367653545425,0.06233149195765729,0.5324408301998714,0.0,-0.13458707953504118,0.23998254985609807,-0.13452591802967134,-0.18902638992382073,-0.1867031321131455,-0.05095615993227734,-0.3413284971482187
10,128,0.0,0.0,0.0,2.2163432321819387,1.0129977042468103,1.4846544534494774,3.3379421944391554,2.2163432321819387,3.936200832053339,0.062331491957657296,0.6833103030087256,0.0,0.21606301486486848,0.445810519569608,-0.1750241728031603,-0.3751373604820618,0.14262754318312734,-0.07067315908754614,0.15742907184414467
10,129,0.0,0.0,0.0,2.2163432321819387,1.0129977042468103,1.4846544534494774,3.730641276137879,2.2163432321819387,3.932159780468477,0.062331491957657296,0.6777798007284074,0.0,0.23686654873642635,0.3775717739853484,-0.16555726497103185,-0.4279299937966172,0.12593561653622548,0.05035821981126882,0.1782981616963846
10,130,0.0,0.0,0.0,2.2163432321819387,1.4181967859455344,1.4846544534494774,3.730641276137879,2.2163432321819387,3.8050441245529116,0.06233149195765729,0.35761071045006926,0.0,0.08475996756613573,0.21046259350995916,0.04409010093454896,-0.2061339805547044,-0.0654522853344046,-0.004328612955254779,0.166339326001081
10,131,0.0,0.0,0.0,2.2163432321819387,1.0129977042468103,2.2163432321819387,3.3379421944391554,1.4846544534494774,4.229420287110137,0.062331491957657296,1.6919256296106409,0.0,-0.1823124420360594,1.1408049642339462,0.42061921801362234,-1.0612882817498785,0.4064889229642224,-0.0795166824840677,-0.2304974020754045
10,132,0.0,0.0,0.0,2.2163432321819387,1.0129977042468103,2.2163432321819387,3.730641276137879,1.4846544534494774,4.2180513026838025,0.062331491957657296,1.6895098910432778,0.0,-0.12211847176223017,1.0932426515993041,0.4143414616100076,-1.114080915064434,0.41789110498433385,0.02083826346512991,-0.2375477100341213
10,133,0.0,0.0,0.0,2.2163432321819387,1.4181967859455344,2.2163432321819387,3.3379421944391554,1.4846544534494774,3.955363810309252,0.06233149195765729,0.8410520152596518,0.0,-0.23488173426031372,0.5381015575786954,0.2967140075738788,-0.38665043584397035,0.254325076086988,-0.15145112173472502,-0.19362161187307614
10,134,0.0,0.0,0.0,2.2163432321819387,1.4181967859455344,2.2163432321819387,3.730641276137879,1.4846544534494774,3.919503088157204,0.06233149195765729,0.832576311630799,0.0,-0.17468776398648447,0.49053924494405315,0.290436251170264,-0.45669067564265947,0.2820270588492867,-0.03384856930139369,-0.22007765036947782
10,135,0.0,0.0,0.0,2.2163432321819387,1.0129977042468103,2.2163432321819387,3.3379421944391554,2.2163432321819387,4.277545571172242,0.062331491957657296,1.778211652307823,0.0,0.07642504146738888,1.1319614408374248,0.5834905727420995,-1.0153990109744,0.6034665524508227,-0.11656242986302477,0.354406701330745
10,136,0.0,0.0,0.0,2.2163432321819387,1.0129977042468103,2.2163432321819387,3.730641276137879,2.2163432321819387,4.260943163572631,0.062331491957657296,1.776810469115927,0.0,0.09722857533894674,1.063722695253165,0.5929574805742279,-1.0940385534946027,0.5877471656822233,0.030315858241437437,0.348154222394274
10,137,0.0,0.0,0.0,2.2163432321819387,1.4181967859455344,2.2163432321819387,3.3379421944391554,2.2163432321819387,4.030692167568119,0.06233149195765729,1.021094264532868,0.0,0.023855749243134567,0.5292580341821738,0.4595853623023559,-0.29265426187146687,0.5105013787451039,-0.23660377231070692,0.38534673806476977
10,138,0.0,0.0,0.0,2.2163432321819387,1.4181967859455344,2.2163432321819387,3.730641276137879,2.2163432321819387,3.9755364811640352,0.06233149195765729,0.9841916370855541,0.0,0.04465928311469243,0.46101928859791425,0.46905227013448436,-0.4097485680317617,0.480262798768496,-0.0512707205661526,0.36457506592029026
10,139,0.0,0.0,0.0,1.4846544534494774,1.0129977042468103,1.4846544534494774,4.123340357836604,1.4846544534494774,4.324407324165656,0.06233149195765723,1.5140710925851202,0.0,0.3925499063456035,0.780294107287398,-0.47237072744295994,-0.9284553822540776,-0.4694721198875118,0.1481612749666796,-0.4493746931342899
10,140,0.0,0.0,0.0,1.4846544534494774,1.0129977042468103,1.4846544534494774,4.516039439535327,1.4846544534494774,4.412829851739176,0.06233149195765737,1.562611079027177,0.0,0.537871005753765,0.6659727034683266,-0.4758325079867915,-0.9789855955899966,-0.46982822855430456,0.31301289212167005,-0.4531925823449142
10,141,0.0,0.0,0.0,1.4846544534494774,1.4181967859455344,1.4846544534494774,4.123340357836604,1.4846544534494774,4.072756391931804,0.06233149195765722,0.9665079501107076,0.0,0.2404433251753129,0.29708047933790455,-0.460981236107649,-0.39216625365824315,-0.4586063891129611,0.09508577432033863,-0.44989845369505005
10,142,0.0,0.0,0.0,1.4846544534494774,1.4181967859455344,1.4846544534494774,4.516039439535327,1.4846544534494774,4.14085992853439,0.06233149195765736,1.038146447018684,0.0,0.3857644245834744,0.18275907551883308,-0.4644430166514806,-0.4436720474360658,-0.4580851686813043,0.2609129719172327,-0.4528390138072248
10,143,0.0,0.0,0.0,1.4846544534494774,1.4181967859455344,1.4846544534494774,4.123340357836604,2.2163432321819387,3.9183199099714843,0.06233149195765722,0.807670027064493,0.0,0.3870063363389975,0.3210387617951927,-0.32773973281386415,-0.3987821313282701,-0.35596975214981547,0.07774336953307741,-0.01708990910615168
10,144,0.0,0.0,0.0,1.4846544534494774,1.4181967859455344,1.4846544534494774,4.516039439535327,2.2163432321819387,3.972683974869123,0.06233149195765736,0.8366032965983276,0.0,0.4372305099570006,0.24106530451599403,-0.28017482072971595,-0.44426024578945406,-0.36164372724032834,0.20319494127346002,-0.05179392077555971
10,145,0.0,0.0,0.0,1.4846544534494774,1.0129977042468103,2.2163432321819387,4.123340357836604,1.4846544534494774,4.017837109434777,0.06233149195765723,0.8088354302411919,0.0,0.25291193294812386,0.3247027380162932,0.02125911534126559,-0.47328390198673603,-0.3372085666551267,0.14858116397044288,-0.352962969351347
10,146,0.0,0.0,0.0,1.4846544534494774,1.4181967859455344,2.2163432321819387,4.123340357836604,1.4846544534494774,3.87103716960114,0.06233149195765722,0.5617348800061321,0.0,0.20034264072386956,0.15759355754090393,-0.18759884619400796,-0.25929520953126944,-0.1311939182591627,0.10170165199036554,-0.3472618167319044
10,147,0.0,0.0,0.0,1.4846544534494774,1.4181967859455344,2.2163432321819387,4.516039439535327,1.4846544534494774,3.9404877540725094,0.06233149195765736,0.6800184684264854,0.0,0.34566374013203105,0.04327215372183245,-0.19106062673783952,-0.30477332399245344,-0.1275781451620448,0.261501170270621,-0.35639757236624886
10,148,0.0,0.0,0.0,1.4846544534494774,1.0129977042468103,2.2163432321819387,4.123340357836604,2.2163432321819387,3.952171109352813,0.06233149195765723,0.771816050014637,0.0,0.3994749441118085,0.34866102047358133,0.1545006186350505,-0.47189427747071017,-0.17613602702180456,0.12323325699712884,0.14761534803678728
10,149,0.0,0.0,0.0,1.4846544534494774,1.4181967859455344,2.2163432321819387,4.123340357836604,2.2163432321819387,3.809724121997968,0.06233149195765722,0.49140334120888957,0.0,0.34690565188755423,0.18155183999819208,-0.05435734290022307,-0.23858500825770315,0.0392092810122208,0.057033168259511074,0.15331329016523182
10,150,0.0,0.0,0.0,2.2163432321819387,1.0129977042468103,1.4846544534494774,4.123340357836604,1.4846544534494774,4.0089634044856215,0.06233149195765723,0.779624524974473,0.0,0.12874345586841698,0.34866102047358133,-0.3607276921697505,-0.4728640129829728,0.024157722896713696,0.12420299250939147,-0.316133189840505
10,151,0.0,0.0,0.0,2.2163432321819387,1.0129977042468103,1.4846544534494774,4.516039439535327,1.4846544534494774,4.082299412485411,0.06233149195765737,0.8474946128209211,0.0,0.27406455527657847,0.26868756319438264,-0.3990474769362764,-0.5233942263188918,0.023801614229920942,0.25470666312450907,-0.26892438642314953
10,152,0.0,0.0,0.0,2.2163432321819387,1.4181967859455344,1.4846544534494774,4.123340357836604,1.4846544534494774,3.863516812750743,0.06233149195765722,0.5097231505239677,0.0,-0.023363125301873622,0.18155183999819208,-0.1510803262641697,-0.25267933186124253,-0.18522399919932,0.07112749186305048,-0.3166569504012651
10,153,0.0,0.0,0.0,2.2163432321819387,1.4181967859455344,1.4846544534494774,4.516039439535327,1.4846544534494774,3.916533829779597,0.06233149195765736,0.5485324065023427,0.0,0.12195797410628788,0.1015783827189934,-0.18940011103069562,-0.3041851256390652,-0.1847027787676632,0.2026067429200718,-0.2685708178854601
10,154,0.0,0.0,0.0,2.2163432321819387,1.0129977042468103,1.4846544534494774,4.123340357836604,2.2163432321819387,3.97764529278531,0.06233149195765723,0.7024261194431024,0.0,0.2753064670321016,0.2870954638781914,-0.1446023466697641,-0.47328390198673603,0.12056944667965659,0.18618843810854463,0.2026681539034515
10,155,0.0,0.0,0.0,2.2163432321819387,1.4181967859455344,1.4846544534494774,4.123340357836604,2.2163432321819387,3.830845352951673,0.06233149195765722,0.4085125879763236,0.0,0.12319988586181102,0.11998628340280218,0.06504501923581671,-0.25929520953126944,-0.08258736223617442,0.1393089261284673,0.19903543639383472
10,156,0.0,0.0,0.0,2.2163432321819387,1.4181967859455344,1.4846544534494774,4.516039439535327,2.2163432321819387,3.920121737339942,0.06233149195765736,0.5538394566986455,0.0,0.1734240594798141,-0.022604685787675136,0.10270540582830978,-0.30477332399245344,-0.08826133732668727,0.3273780097801286,0.24031159608344568
10,157,0.0,0.0,0.0,2.2163432321819387,1.0129977042468103,2.2163432321819387,4.123340357836604,1.4846544534494774,4.246231397584351,0.06233149195765723,1.6777322122750733,0.0,-0.010894517529062609,1.0348119417413981,0.39778705337550924,-1.1594348232545528,0.421306178890133,0.12462288151315473,-0.2197214660575621
10,158,0.0,0.0,0.0,2.2163432321819387,1.4181967859455344,2.2163432321819387,4.123340357836604,1.4846544534494774,3.92799889913968,0.06233149195765722,0.8147724719869665,0.0,-0.06346380975331692,0.43210853508614716,0.2738818429357657,-0.5098519046192246,0.2937682509407727,0.07774336953307741,-0.21402031343811956
10,159,0.0,0.0,0.0,2.2163432321819387,1.4181967859455344,2.2163432321819387,4.516039439535327,1.4846544534494774,3.9823629640373186,0.06233149195765736,0.8086622325667117,0.0,0.08185728965484458,0.35213507780694847,0.23556205816923975,-0.5553300190804085,0.29738402403789055,0.20319494127346002,-0.1721293764444842
10,160,0.0,0.0,0.0,2.2163432321819387,1.0129977042468103,2.2163432321819387,4.123340357836604,2.2163432321819387,4.3023304196636385,0.06233149195765723,1.785831584334905,0.0,0.13566849363462202,0.9732463851460083,0.6139123988754956,-1.158045198738527,0.5823787185234552,0.18479881359251873,0.3637406935367737
10,161,0.0,0.0,0.0,2.2163432321819387,1.0129977042468103,2.2163432321819387,4.516039439535327,2.2163432321819387,4.412618200287241,0.06233149195765737,1.8167193791311924,0.0,0.1858926672526251,0.8306554159555309,0.6515727854679887,-1.2210705977650589,0.5862527913858293,0.39041518180952794,0.40527515299164085
10,162,0.0,0.0,0.0,2.2163432321819387,1.4181967859455344,2.2163432321819387,4.123340357836604,2.2163432321819387,3.9884508736977597,0.06233149195765722,0.9947763191320387,0.0,0.08309920141036772,0.37054297849075724,0.4900071884357521,-0.48914170334565826,0.46417145021215617,0.11859872485490097,0.36943863566521823
10,163,0.0,0.0,0.0,2.2163432321819387,1.4181967859455344,2.2163432321819387,4.516039439535327,2.2163432321819387,4.073395153290675,0.06233149195765736,1.0638037045032003,0.0,0.1333233750283708,0.22795200930027995,0.5276675750282451,-0.5533839257848424,0.4585011419105285,0.32543191648456243,0.4014287139560836
10,164,0.0,0.0,0.0,1.4846544534494774,0.20259954084936208,2.2163432321819387,4.908738521234052,1.4846544534494774,4.872205227963457,0.06233149195765737,2.477563514938203,0.0,0.6182557255899452,-0.08338389950026982,1.22228290174307,-0.6575914287887812,-1.793028448214736,0.740975328289051,-0.24234380801246175
10,165,0.0,0.0,0.0,1.4846544534494774,0.20259954084936208,2.2163432321819387,5.301437602932776,1.4846544534494774,5.273387407489293,0.06233149195765723,2.955304062646793,0.0,0.7635768249981068,-0.5972990496719213,1.2104721653008943,-0.7983693475105967,-1.9316800850188438,1.3956683971825181,-0.10996215948365513
10,166,0.0,0.0,0.0,1.4846544534494774,0.6077986225480863,2.2163432321819387,4.908738521234052,1.4846544534494774,4.55338241345137,0.06233149195765737,1.5987107673566656,0.0,0.5961531144008398,0.15679567077482143,0.48450675637397184,-0.7995793367223701,-0.889834109544144,0.6427836659475487,-0.31119640594966597
10,167,0.0,0.0,0.0,1.4846544534494774,0.20259954084936208,2.2163432321819387,4.908738521234052,2.2163432321819387,4.841642830366546,0.06233149195765737,2.4456603115289086,0.0,0.5667896402164191,0.07349519230392139,1.5116818377782222,-0.8370836717048916,-1.4395344480466241,0.7635884794009702,0.11569129072216464
10,168,0.0,0.0,0.0,1.4846544534494774,0.20259954084936208,2.2163432321819387,5.301437602932776,2.2163432321819387,5.239437227256856,0.06233149195765723,2.911633304458531,0.0,0.6170138138344222,-0.09289281938155268,1.730015656695632,-1.2321302953115036,-1.3495374985512902,1.3250231146930564,-0.015376143000047167
10,169,0.0,0.0,0.0,1.4846544534494774,0.6077986225480863,2.2163432321819387,4.908738521234052,2.2163432321819387,4.4722625300046195,0.06233149195765737,1.5877900205010198,0.0,0.5446870290273137,0.3136747625790126,0.773905692409124,-0.8836861812227392,-0.6457689374703052,0.5700114186437265,0.06511149913796667
10,170,0.0,0.0,0.0,2.2163432321819387,0.20259954084936208,1.4846544534494774,4.908738521234052,1.4846544534494774,4.847591895468013,0.06233149195765737,2.521073254885808,0.0,0.6128600442267542,0.07349519230392139,-1.8492101647204988,-0.7501490809284932,1.2258907106075783,0.6766538886245718,-0.17844041899448412
10,171,0.0,0.0,0.0,2.2163432321819387,0.20259954084936208,1.4846544534494774,5.301437602932776,1.4846544534494774,5.198008618487565,0.06233149195765723,2.9726053724270205,0.0,0.7581811436349157,-0.09289281938155268,-2.0702745479380447,-1.0668752020923313,1.2176181006596698,1.1597680214738841,0.031620789975017036
10,172,0.0,0.0,0.0,2.2163432321819387,0.6077986225480863,1.4846544534494774,4.908738521234052,1.4846544534494774,4.504838640617793,0.06233149195765737,1.6284410603386552,0.0,0.5489072596130798,0.3136747625790126,-1.0048648625599819,-0.8351294723314929,0.4927639104592786,0.5214547097524802,-0.17379107377368563
10,173,0.0,0.0,0.0,2.2163432321819387,0.20259954084936208,1.4846544534494774,4.908738521234052,2.2163432321819387,4.8869182746800295,0.06233149195765737,2.3749502186851794,0.0,0.5613939588532281,-0.202566573665318,-1.4002854330184156,-0.6575914287887812,1.451386257624753,0.8601580024540991,0.21112202225613586
10,174,0.0,0.0,0.0,1.4846544534494774,0.20259954084936208,2.2163432321819387,5.6941366846315,2.2163432321819387,5.967997017076192,0.06233149195765723,4.358663018459723,0.0,0.6554537321300975,-0.24304651858899662,2.2092461835626964,-2.341105572111206,-1.160478380150957,2.584152090700203,-0.35093589913604434
10,175,0.0,0.0,0.0,1.4846544534494774,0.6077986225480863,2.2163432321819387,6.086835766330224,2.2163432321819387,5.9345591824656,0.06233149195765737,4.274645336961266,0.0,0.65415465481255,0.2502064189924783,2.187503258302589,-2.5195678290354673,-0.32513109540312507,2.269361410042989,-1.1802403159956236
10,176,0.0,0.0,0.0,2.2163432321819387,0.20259954084936208,1.4846544534494774,5.6941366846315,1.4846544534494774,5.827040798714662,0.06233149195765723,4.230147764644843,0.0,0.8694050978680833,-0.24304651858899662,-2.594893422474375,-1.9559890861211957,1.2002395966949049,2.199035604710192,0.4934728128773167
10,177,0.0,0.0,0.0,2.2163432321819387,0.6077986225480863,1.4846544534494774,5.6941366846315,1.4846544534494774,5.181220113242127,0.06233149195765723,2.747975723659391,0.0,0.805452313254409,-0.0028669483139053785,-1.750548120313858,-1.2920621513576374,0.48019857802353133,1.2949290996715426,0.5112079395750412
10,178,0.0,0.0,0.0,2.2163432321819387,0.6077986225480863,1.4846544534494774,6.086835766330224,1.4846544534494774,5.798339848374617,0.06233149195765737,4.160010742632376,0.0,0.8656462835282382,0.2502064189924783,-2.5708545197607524,-2.146687192441979,0.46329055811972636,1.8964807734495004,1.210333139780227
10,179,0.0,0.0,0.0,1.4846544534494774,1.4181967859455344,1.4846544534494774,4.908738521234052,1.4846544534494774,4.2903354388049975,0.06233149195765736,1.2084019467318778,0.0,0.5430588491207844,-0.032808364924827985,-0.4705681677098523,-0.4940759068281802,-0.4584140396190829,0.5268842717530081,-0.45929303580337516
10,180,0.0,0.0,0.0,1.4846544534494774,1.4181967859455344,1.4846544534494774,4.908738521234052,2.2163432321819387,4.082651505006796,0.06233149195765736,0.9006778708302675,0.0,0.49159276374725824,0.12407072687936324,-0.18116923167470014,-0.4890115451087356,-0.35808613287290547,0.3649408182293724,-0.14422751209555273
10,181,0.0,0.0,0.0,1.4846544534494774,1.4181967859455344,2.2163432321819387,4.908738521234052,1.4846544534494774,4.089125922097076,0.06233149195765736,0.9282830538310788,0.0,0.5029581646693411,-0.17229528672182862,-0.19718577779621124,-0.349524623311735,-0.1298274668282881,0.5218199100335636,-0.35896512905719774
10,182,0.0,0.0,0.0,2.2163432321819387,1.4181967859455344,1.4846544534494774,4.908738521234052,1.4846544534494774,4.027338702163312,0.06233149195765736,0.6943521334019339,0.0,0.27925239864359785,-0.015416194917637389,-0.27958438068444535,-0.3545889850311795,-0.18503164970544184,0.37000517994881693,-0.16989409976822295
10,183,0.0,0.0,0.0,2.2163432321819387,1.0129977042468103,2.2163432321819387,4.908738521234052,2.2163432321819387,4.626492058494349,0.06233149195765737,1.9248555738351545,0.0,0.2402549210428828,0.5617821408563293,0.7182077306573167,-1.2962502853660944,0.6001628988027923,0.7344681445097652,0.4858202055979318
10,184,0.0,0.0,0.0,2.2163432321819387,1.4181967859455344,2.2163432321819387,4.908738521234052,2.2163432321819387,4.2598331882317,0.06233149195765736,1.2797269216914795,0.0,0.18768562881862846,-0.04092126579892168,0.5943025202175731,-0.6162517258779615,0.46207889806778935,0.6571729916768831,0.47164141530267245
10,185,0.0,0.0,0.0,2.2163432321819387,1.4181967859455344,2.2163432321819387,5.301437602932776,2.2163432321819387,4.637011399863329,0.06233149195765722,2.002107399952494,0.0,0.23790980243663154,-0.6819181123791132,0.722790416755948,-0.6907983279129268,0.47563659397576885,1.37271644029204,0.6136870077490267
10,186,0.0,0.0,0.0,1.4846544534494774,1.0129977042468103,1.4846544534494774,6.086835766330224,2.2163432321819387,5.235871196821068,0.06233149195765737,2.9057007864307525,0.0,0.7531669707027852,0.5438160112423224,1.221038842883454,-1.3216289709566658,-0.12165430097753813,0.7778129597143434,-1.9294219233944436
10,187,0.0,0.0,0.0,1.4846544534494774,1.4181967859455344,1.4846544534494774,5.6941366846315,2.2163432321819387,4.541071165932738,0.06233149195765722,1.609807156641019,0.0,0.5802568556609367,-0.19247098401355478,0.516395114109774,-0.6050655110593206,-0.31311853505311515,0.7975364950728754,-0.9224207927118298
10,188,0.0,0.0,0.0,1.4846544534494774,1.4181967859455344,1.4846544534494774,6.086835766330224,2.2163432321819387,4.844799196619368,0.06233149195765736,2.4624121330572204,0.0,0.6010603895324945,0.060602383292828896,1.232428334218765,-0.6973412249782314,-0.25024198241054674,0.6367388416854025,-1.7959135522041911
10,189,0.0,0.0,0.0,1.4846544534494774,1.0129977042468103,2.2163432321819387,6.086835766330224,2.2163432321819387,5.206394849419576,0.06233149195765737,2.867459062943956,0.0,0.6135289973053055,0.08822464197121752,1.7146686856676796,-1.273498112638137,0.002768268242468245,1.1852734706669195,-1.367974068319986
10,190,0.0,0.0,0.0,1.4846544534494774,1.4181967859455344,2.2163432321819387,5.6941366846315,2.2163432321819387,4.4643687977970625,0.06233149195765722,1.6021931756034353,0.0,0.5401561712094933,-0.3319579058105554,0.7897775040234151,-0.5460526656176611,0.07724606482764294,0.8780105714282165,-0.6828372381934977
10,191,0.0,0.0,0.0,1.4846544534494774,1.4181967859455344,2.2163432321819387,6.086835766330224,2.2163432321819387,4.814227236842967,0.06233149195765736,2.427873388962515,0.0,0.5609597050810512,-0.07888453850417172,1.505810724132406,-0.724373530320743,0.12406860479669168,0.8032580688249147,-1.4563210976713434
10,192,0.0,0.0,0.0,2.2163432321819387,1.0129977042468103,1.4846544534494774,6.086835766330224,1.4846544534494774,5.1690054039196305,0.06233149195765737,2.932274263914414,0.0,0.7480980037290469,0.08822464197121752,-2.0552214037907963,-1.115544796088358,0.0077126604693087,1.0273201541171404,1.227589814764719
10,193,0.0,0.0,0.0,2.2163432321819387,1.4181967859455344,1.4846544534494774,5.6941366846315,1.4846544534494774,4.498137539418172,0.06233149195765722,1.6427468048450689,0.0,0.535797452284927,-0.3319579058105554,-1.0252676384383215,-0.499189573133234,-0.18872037855375823,0.8311474789437894,0.5239815171679348
10,194,0.0,0.0,0.0,2.2163432321819387,1.4181967859455344,1.4846544534494774,6.086835766330224,1.4846544534494774,4.82334688712383,0.06233149195765736,2.5028141373034014,0.0,0.5959914225587563,-0.07888453850417172,-1.8455740378852157,-0.6421571937253554,-0.1930243534340888,0.7210417322295272,1.235710762396595
10,195,0.0,0.0,0.0,2.2163432321819387,1.4181967859455344,2.2163432321819387,6.086835766330224,1.4846544534494774,4.854478185787563,0.06233149195765736,2.3595329120523196,0.0,0.5558907381073129,0.17167215658378338,-1.4206118686852804,-0.8084109982691859,0.20943831946377925,0.6367388416854025,1.4518755233337783
10,196,0.0,0.0,0.0,1.4846544534494774,1.8233958676442588,1.4846544534494774,3.3379421944391554,1.4846544534494774,4.088609925351479,0.06233149195765729,0.913501533740356,0.0,-0.09300549768262874,0.22105471485635275,-0.4523169217671028,0.1405448990598356,-0.46208731442832807,-0.36159961391618833,-0.4564508837520618
10,197,0.0,0.0,0.0,1.4846544534494774,1.8233958676442588,1.4846544534494774,3.730641276137879,1.4846544534494774,3.993581489964498,0.06233149195765729,0.8171439325219618,0.0,-0.0328115274087995,0.16634473403264427,-0.4531871294391091,-0.027532994322301284,-0.45711398905405076,-0.138811739710343,-0.45234776604979077
10,198,0.0,0.0,0.0,1.4846544534494774,2.228594949342983,1.4846544534494774,3.3379421944391554,1.4846544534494774,4.235223837583952,0.06233149195765733,1.288719488332959,0.0,-0.23871946475784328,0.11245500854901154,-0.4490476775132957,0.6317330891547829,-0.4684177789490845,-0.7441880977037945,-0.4660505925266253
10,199,0.0,0.0,0.0,1.4846544534494774,2.228594949342983,1.4846544534494774,3.730641276137879,1.4846544534494774,4.037925103521899,0.06233149195765733,0.9068416668716175,0.0,-0.17852549448401406,0.05774502772530309,-0.449917885185302,0.25662712919439457,-0.4590286482297922,-0.31437215691969767,-0.4575316694793393
10,200,0.0,0.0,0.0,1.4846544534494774,1.8233958676442588,1.4846544534494774,3.3379421944391554,2.2163432321819387,3.899860923417101,0.06233149195765729,0.5729266084010826,0.0,0.16573198582081955,0.22375723205423234,-0.3547058557940818,0.03209437833075975,-0.21948209275328445,-0.2558516103849921,-0.10115226029248416
10,201,0.0,0.0,0.0,1.4846544534494774,1.8233958676442588,1.4846544534494774,3.730641276137879,2.2163432321819387,3.8297798310959528,0.06233149195765729,0.5385052887641709,0.0,0.18653551969237742,0.17619491941959015,-0.34506423710589673,-0.06966279471222189,-0.29524760580427967,-0.10653212470736825,-0.04129553567136047
10,202,0.0,0.0,0.0,1.4846544534494774,2.228594949342983,1.4846544534494774,3.3379421944391554,2.2163432321819387,3.96621702635675,0.06233149195765733,0.6835058715088048,0.0,0.020018018745604993,0.11515752574689116,-0.3514366115402747,0.29525767965310784,-0.04484907701336065,-0.410415205399999,-0.2690379707752134
10,203,0.0,0.0,0.0,1.4846544534494774,2.228594949342983,1.4846544534494774,3.730641276137879,2.2163432321819387,3.8454542670435243,0.06233149195765733,0.4965075515169428,0.0,0.04082155261716285,0.06759521311224896,-0.34179499285208964,0.14463561926838905,-0.2127482495301542,-0.21223083238063803,-0.1106219387307501
10,204,0.0,0.0,0.0,1.4846544534494774,1.8233958676442588,2.2163432321819387,3.3379421944391554,1.4846544534494774,3.879228434373805,0.06233149195765729,0.49739925445091865,0.0,-0.02707450208935634,0.16995018546591234,-0.27772791205631747,0.08319890772120014,-0.1546629954878255,-0.2531490931871125,-0.2138456620770182
10,205,0.0,0.0,0.0,1.4846544534494774,1.8233958676442588,2.2163432321819387,3.730641276137879,1.4846544534494774,3.811491549619548,0.06233149195765729,0.4403437912403453,0.0,0.033119468184472894,0.11524020464220389,-0.2785981197283237,-0.018558265321781498,-0.08852851446308706,-0.09668193932042239,-0.29048138280001967
10,206,0.0,0.0,0.0,1.4846544534494774,2.228594949342983,2.2163432321819387,3.3379421944391554,1.4846544534494774,3.9591272742851933,0.06233149195765733,0.6844982225768729,0.0,-0.0774344540217221,0.09186439408017127,-0.3216179633500096,0.3158482941219481,-0.28787158377167116,-0.40771268820211937,-0.042481890590901475
10,207,0.0,0.0,0.0,1.4846544534494774,2.228594949342983,2.2163432321819387,3.730641276137879,1.4846544534494774,3.840708722538859,0.06233149195765733,0.48346024491452544,0.0,-0.01724048374789286,0.03715441325646282,-0.3224881710220158,0.16522623373722933,-0.1231777953235931,-0.20238064699369215,-0.21125127077970127
10,208,0.0,0.0,0.0,1.4846544534494774,1.8233958676442588,2.2163432321819387,3.3379421944391554,2.2163432321819387,3.9230055621853848,0.06233149195765729,0.7330807199267687,0.0,0.23166298141409195,0.17265270266379196,-0.18011684608329642,0.28720732057219495,0.22433981917334547,-0.4598600232359869,0.27785055436868683
10,209,0.0,0.0,0.0,1.4846544534494774,1.8233958676442588,2.2163432321819387,3.730641276137879,2.2163432321819387,3.7971504222783907,0.06233149195765729,0.48146441865104544,0.0,0.2524665152856498,0.12509039002914976,-0.17047522739511137,0.0775668777835239,0.17023547781661877,-0.20265726781267365,0.21746845660834535
10,210,0.0,0.0,0.0,1.4846544534494774,2.228594949342983,2.2163432321819387,3.3379421944391554,2.2163432321819387,4.138140250296233,0.06233149195765733,1.3993182482650457,0.0,0.1813030294817262,0.09456691127805089,-0.22400689737698856,0.8424886403712176,0.3634512748165045,-0.9370555516492685,0.38228488781296227
10,211,0.0,0.0,0.0,1.4846544534494774,2.228594949342983,2.2163432321819387,3.730641276137879,2.2163432321819387,3.8847252613993026,0.06233149195765733,0.7418954910895611,0.0,0.20210656335328406,0.04700459864340869,-0.21436527868880348,0.3746259253145878,0.26130780033021306,-0.42163052395799655,0.27386365692305603
10,212,0.0,0.0,0.0,2.2163432321819387,1.8233958676442588,1.4846544534494774,3.3379421944391554,1.4846544534494774,3.9232569822037604,0.06233149195765729,0.7348466743377753,0.0,-0.3568119481598152,0.17265270266379196,-0.044822723030273785,0.19164942845027602,-0.2874983047175427,-0.36430213111406795,-0.3588398177790408
10,213,0.0,0.0,0.0,2.2163432321819387,1.8233958676442588,1.4846544534494774,3.730641276137879,1.4846544534494774,3.825884339249889,0.06233149195765729,0.5720211555164693,0.0,-0.296617977885986,0.12509039002914976,-0.05110047943388855,0.023571535068139114,-0.2825249793432654,-0.14866192509728887,-0.34422487371657845
10,214,0.0,0.0,0.0,2.2163432321819387,2.228594949342983,1.4846544534494774,3.3379421944391554,1.4846544534494774,4.083413631407974,0.06233149195765733,1.2235074496702314,0.0,-0.5025259152350298,0.09456691127805089,-0.010145600831390211,0.6523237036236231,-0.3409880647857983,-0.746890614901674,-0.36843952655360424
10,215,0.0,0.0,0.0,2.2163432321819387,2.228594949342983,1.4846544534494774,3.730641276137879,1.4846544534494774,3.883770689779029,0.06233149195765733,0.7824007028134569,0.0,-0.44233194496120054,0.04700459864340869,-0.016423357235004977,0.2772177436632348,-0.33159893406650603,-0.3242223423066435,-0.34940877714612695
10,216,0.0,0.0,0.0,2.2163432321819387,1.8233958676442588,1.4846544534494774,3.730641276137879,2.2163432321819387,3.7602683003400523,0.06233149195765729,0.26656221148338094,0.0,-0.07727093078480908,0.09557043368301084,0.12751553953033176,-0.018558265321781498,-0.1206585960934943,-0.07701216836122934,0.13732048329285984
10,217,0.0,0.0,0.0,2.2163432321819387,2.228594949342983,1.4846544534494774,3.3379421944391554,2.2163432321819387,3.902920299731117,0.06233149195765733,0.6076325594149922,0.0,-0.24378843173158152,0.08572338788152932,0.15272575389708687,0.3158482941219481,0.08258063714992551,-0.4015716820034774,-0.10616661604673631
10,218,0.0,0.0,0.0,2.2163432321819387,2.228594949342983,1.4846544534494774,3.730641276137879,2.2163432321819387,3.789485473259364,0.06233149195765733,0.3859013563968687,0.0,-0.22298489786002365,0.017484642297269776,0.16219266172921531,0.16522623373722933,-0.08531853536686804,-0.1827108760344991,0.06799408023347021
10,219,0.0,0.0,0.0,2.2163432321819387,1.8233958676442588,2.2163432321819387,3.3379421944391554,1.4846544534494774,3.875934084885005,0.06233149195765729,0.561027245667368,0.0,-0.29088095256654284,0.2845609742194409,0.23287756877904914,-0.028709363834448765,0.1230372963214974,-0.2558516103849921,-0.11623459610399717
10,220,0.0,0.0,0.0,2.2163432321819387,1.8233958676442588,2.2163432321819387,3.730641276137879,1.4846544534494774,3.805852992563857,0.06233149195765729,0.5080782573482253,0.0,-0.2306869822927136,0.23699866158479868,0.22659981237543436,-0.1304665368774304,0.18917177734623586,-0.10653212470736825,-0.18235849046680733
10,221,0.0,0.0,0.0,2.2163432321819387,2.228594949342983,2.2163432321819387,3.3379421944391554,1.4846544534494774,3.9235670534044367,0.06233149195765733,0.6510288570633062,0.0,-0.3412409044989086,0.14910657234144664,0.1973117664687186,0.26130863305855234,-0.08041421647156238,-0.410415205399999,0.055129175382119554
10,222,0.0,0.0,0.0,2.2163432321819387,2.228594949342983,2.2163432321819387,3.730641276137879,1.4846544534494774,3.802804294091211,0.06233149195765733,0.44813453470478987,0.0,-0.28104693422507937,0.10154425970680445,0.19103401006510382,0.11068657267383358,0.08427957197651569,-0.21223083238063803,-0.10312837844648894
10,223,0.0,0.0,0.0,2.2163432321819387,1.8233958676442588,2.2163432321819387,3.3379421944391554,2.2163432321819387,4.008224692246932,0.06233149195765729,0.9560838036785015,0.0,-0.03214346906309455,0.2757174508229193,0.3957489235075262,0.17529904901654603,0.5020401109826683,-0.45101649983946535,0.4407219090971639
10,224,0.0,0.0,0.0,2.2163432321819387,1.8233958676442588,2.2163432321819387,3.730641276137879,2.2163432321819387,3.8896974851814106,0.06233149195765729,0.7720499353500376,0.0,-0.011339935191536692,0.20747870523865974,0.40521583133965466,-0.034341393772125,0.44793576962594167,-0.17313731146653474,0.39608447557256565
10,225,0.0,0.0,0.0,2.2163432321819387,2.228594949342983,2.2163432321819387,3.3379421944391554,2.2163432321819387,4.191093508965822,0.06233149195765733,1.5039233983089986,0.0,-0.0825034209954603,0.14026304894492508,0.3601831211971957,0.7879489793078218,0.5709086421166133,-0.928212028252747,0.5451562425414394
10,226,0.0,0.0,0.0,2.2163432321819387,2.228594949342983,2.2163432321819387,3.730641276137879,2.2163432321819387,3.945006452910364,0.06233149195765733,0.9090214923624124,0.0,-0.061699887123902446,0.07202430336066552,0.36965002902932415,0.3200862642511921,0.46876516763032183,-0.39211056761185764,0.4524796758872764
10,227,0.0,0.0,0.0,1.4846544534494774,1.8233958676442588,1.4846544534494774,4.123340357836604,1.4846544534494774,3.9726351233897867,0.06233149195765722,0.8050996430934312,0.0,0.07841242682436805,0.093805927104396,-0.45511332656655357,-0.12284694937344265,-0.45428337413691033,0.02904102226904665,-0.4514433482600948
10,228,0.0,0.0,0.0,1.4846544534494774,1.8233958676442588,1.4846544534494774,4.516039439535327,1.4846544534494774,4.017753825725327,0.06233149195765736,0.8657138034337605,0.0,0.22373352623252957,-0.02051547671467548,-0.45857510711038507,-0.1871213323616154,-0.4527697193882954,0.2076368090762909,-0.45339147405531144
10,229,0.0,0.0,0.0,1.4846544534494774,2.228594949342983,1.4846544534494774,4.123340357836604,1.4846544534494774,3.9652301596731654,0.06233149195765726,0.7959957230113375,0.0,-0.06730154025084649,-0.014793779202945195,-0.4518440823127465,0.08496128665196442,-0.45396364417832885,-0.07016750744901923,-0.4543928625553204
10,230,0.0,0.0,0.0,1.4846544534494774,2.228594949342983,1.4846544534494774,4.516039439535327,1.4846544534494774,3.9786474012786033,0.0623314919576574,0.8127356892378508,0.0,0.07801955915731501,-0.12911518302201666,-0.45530586285657804,-0.011825623190167047,-0.4510811904572818,0.14094080621218372,-0.45497218937810485
10,231,0.0,0.0,0.0,1.4846544534494774,1.8233958676442588,1.4846544534494774,4.123340357836604,2.2163432321819387,3.813566040426031,0.06233149195765722,0.5472856200011592,0.0,0.2249754379880527,0.11776420956168414,-0.32187182327276864,-0.14043543387042917,-0.33217027561470885,0.02267122430874505,-0.029402975895776767
10,232,0.0,0.0,0.0,1.4846544534494774,1.8233958676442588,1.4846544534494774,4.516039439535327,2.2163432321819387,3.8481466478899344,0.06233149195765736,0.5829673357309739,0.0,0.27519961160605577,0.037790752282485476,-0.27430691118862044,-0.19397437450548632,-0.3497556490359166,0.15618362222300083,-0.05563515048241802
10,233,0.0,0.0,0.0,1.4846544534494774,2.228594949342983,1.4846544534494774,4.123340357836604,2.2163432321819387,3.7946203063419994,0.06233149195765726,0.4471846341936189,0.0,0.07926147091283814,0.009164503254342949,-0.31860257901896155,0.04161117958796437,-0.2903197213097284,-0.05077568284230732,-0.05920239854954158
10,234,0.0,0.0,0.0,1.4846544534494774,2.228594949342983,1.4846544534494774,4.516039439535327,2.2163432321819387,3.804268870964313,0.0623314919576574,0.46753265280203565,0.0,0.12948564453084122,-0.07080895402485571,-0.27103766693481335,-0.02990774160021551,-0.3280858285026757,0.10071669562507123,-0.06831023187952771
10,235,0.0,0.0,0.0,1.4846544534494774,1.8233958676442588,2.2163432321819387,4.123340357836604,1.4846544534494774,3.801551743735883,0.06233149195765722,0.47283702511798126,0.0,0.14434342241764045,0.0427013977139556,-0.2805243168557682,-0.08933090447998879,-0.060081546453005,0.04662950676603319,-0.3293302497378933
10,236,0.0,0.0,0.0,1.4846544534494774,1.8233958676442588,2.2163432321819387,4.516039439535327,1.4846544534494774,3.851218870773517,0.06233149195765736,0.600972957677434,0.0,0.28966452182580193,-0.07162000610511587,-0.28398609739959974,-0.1428698451150459,-0.047993936273120326,0.21448985122016181,-0.3503774037029326
10,237,0.0,0.0,0.0,1.4846544534494774,2.228594949342983,2.2163432321819387,4.123340357836604,1.4846544534494774,3.796148746623591,0.06233149195765726,0.4555219831045114,0.0,0.0939834704852747,-0.03538439367178547,-0.3244143681494603,0.06220179405680464,-0.05520384690788624,-0.026817400385019174,-0.29074893968671994
10,238,0.0,0.0,0.0,1.4846544534494774,2.228594949342983,2.2163432321819387,4.516039439535327,1.4846544534494774,3.820883830819636,0.0623314919576574,0.5687183519510838,0.0,0.2393045698934362,-0.14970579749085694,-0.32787614869329185,-0.009317127131375239,-0.025991895471346456,0.1590229246222322,-0.33197682742349877
10,239,0.0,0.0,0.0,1.4846544534494774,1.8233958676442588,2.2163432321819387,4.123340357836604,2.2163432321819387,3.753718989862902,0.06233149195765722,0.4018661238323078,0.0,0.29090643358132506,0.06665968017124374,-0.14728281356198328,-0.04131645266988114,0.1394414830141645,-0.0253432275013626,0.17012005357139273
10,240,0.0,0.0,0.0,1.4846544534494774,1.8233958676442588,2.2163432321819387,4.516039439535327,2.2163432321819387,3.775082391975753,0.06233149195765736,0.43341054377399013,0.0,0.34113060719932814,-0.013313777107954916,-0.09971790147783507,-0.12148469989424346,0.12297457464760822,0.13479847700219838,0.11533336043831054
10,241,0.0,0.0,0.0,1.4846544534494774,2.228594949342983,2.2163432321819387,4.123340357836604,2.2163432321819387,3.776748787187361,0.06233149195765726,0.47533012344242764,0.0,0.24054648164895934,-0.011426111214497324,-0.1911728648556754,0.16051030000469743,0.2062060952234158,-0.1490841887902001,0.20220754358176046
10,242,0.0,0.0,0.0,1.4846544534494774,2.228594949342983,2.2163432321819387,4.516039439535327,2.2163432321819387,3.7585715445980776,0.0623314919576574,0.40731747280811004,0.0,0.2907706552669624,-0.09139956849369599,-0.1436079527715272,0.03978978032683676,0.17484815092419292,0.05160978816685922,0.13252981451601165
10,243,0.0,0.0,0.0,2.2163432321819387,1.8233958676442588,1.4846544534494774,4.123340357836604,1.4846544534494774,3.798663987888921,0.06233149195765722,0.4775414133798716,0.0,-0.18539402365281843,0.06665968017124374,-0.0676548876683869,-0.07174241998300225,-0.279694364426125,0.005082739811758504,-0.31820184496630993
10,244,0.0,0.0,0.0,2.2163432321819387,1.8233958676442588,1.4846544534494774,4.516039439535327,1.4846544534494774,3.82869617065073,0.06233149195765736,0.4512491174765705,0.0,-0.040072924244656936,-0.013313777107954916,-0.10597467243491283,-0.136016802971175,-0.27818070967751,0.14933058007912992,-0.26912327813354675
10,245,0.0,0.0,0.0,2.2163432321819387,2.228594949342983,1.4846544534494774,4.123340357836604,1.4846544534494774,3.8048017611440392,0.06233149195765726,0.5836215055317152,0.0,-0.331107990728033,-0.011426111214497324,-0.03297776546950333,0.10555190112080469,-0.32653393001504266,-0.09412578990630738,-0.3211513592615355
10,246,0.0,0.0,0.0,2.2163432321819387,2.228594949342983,1.4846544534494774,4.516039439535327,1.4846544534494774,3.803132483175746,0.0623314919576574,0.48258700705769997,0.0,-0.1857868913198715,-0.09139956849369599,-0.07129755023602925,0.008764991278673223,-0.3236514762939956,0.08263457721502276,-0.2707039934563402
10,247,0.0,0.0,0.0,2.2163432321819387,1.8233958676442588,1.4846544534494774,4.123340357836604,2.2163432321819387,3.7613599270864158,0.06233149195765722,0.3136083846160054,0.0,-0.038831012489133794,0.005094123575853848,0.1484704578315995,-0.08933090447998879,-0.1575812659039235,0.08423678090413494,0.18672236960420965
10,248,0.0,0.0,0.0,2.2163432321819387,1.8233958676442588,1.4846544534494774,4.516039439535327,2.2163432321819387,3.8308528540409497,0.06233149195765736,0.48918170196885646,0.0,0.011393161128869275,-0.13749684561462347,0.18613084442409258,-0.1428698451150459,-0.1751666393251312,0.28036669072966935,0.2364703663765874
10,249,0.0,0.0,0.0,2.2163432321819387,2.228594949342983,1.4846544534494774,4.123340357836604,2.2163432321819387,3.7559569299741242,0.06233149195765726,0.357870254967313,0.0,-0.18454497956434834,-0.07299166780988722,0.1831475800304831,0.06220179405680464,-0.16289000714644222,0.010789873753082579,0.15692294695044484
10,250,0.0,0.0,0.0,2.2163432321819387,2.228594949342983,1.4846544534494774,4.516039439535327,2.2163432321819387,3.8005178140870686,0.0623314919576574,0.5042697978023294,0.0,-0.13432080594634527,-0.21558263700036454,0.22080796662297614,-0.009317127131375239,-0.20065611433938954,0.22489976413173976,0.22379528497947768
10,251,0.0,0.0,0.0,2.2163432321819387,1.8233958676442588,2.2163432321819387,4.123340357836604,1.4846544534494774,3.7896392018939355,0.06233149195765722,0.46593658951992867,0.0,-0.11946302805954605,0.17856795172689266,0.210045404140936,-0.2012391760356377,0.21761874535631792,0.02267122430874505,-0.19608874644410842
10,252,0.0,0.0,0.0,2.2163432321819387,1.8233958676442588,2.2163432321819387,4.516039439535327,1.4846544534494774,3.824219809357839,0.06233149195765736,0.45775724331480105,0.0,0.02585807134861546,0.098594494447694,0.17172561937441008,-0.25477811667069483,0.22970635553620258,0.15618362222300083,-0.16610920778116794
10,253,0.0,0.0,0.0,2.2163432321819387,2.228594949342983,2.2163432321819387,4.123340357836604,1.4846544534494774,3.7519703333896857,0.06233149195765726,0.3343177521608507,0.0,-0.1698229799919118,0.04311354984889843,0.17447960183060546,0.0076621329934088885,0.15225352039222256,-0.05077568284230732,-0.15750743639293502
10,254,0.0,0.0,0.0,2.2163432321819387,2.228594949342983,2.2163432321819387,4.516039439535327,1.4846544534494774,3.761618898012,0.0623314919576574,0.2991113340767444,0.0,-0.024501880583750295,-0.03685990743030023,0.13615981706407954,-0.06385678819477099,0.18146547182876235,0.10071669562507123,-0.14770863150173413
10,255,0.0,0.0,0.0,2.2163432321819387,1.8233958676442588,2.2163432321819387,4.123340357836604,2.2163432321819387,3.8635714701822064,0.06233149195765722,0.7375826185899058,0.0,0.027099983104138598,0.11700239513150276,0.42617074964092244,-0.15322472422553005,0.4171417748234874,0.0362223290940273,0.38624539907137917
10,256,0.0,0.0,0.0,2.2163432321819387,1.8233958676442588,2.2163432321819387,4.516039439535327,2.2163432321819387,3.919847191785688,0.06233149195765736,0.818451972112409,0.0,0.07732415672214167,-0.025588574058974547,0.4638311362334155,-0.23339297144989238,0.4006748664569311,0.25898154550886693,0.4074388772973159
10,257,0.0,0.0,0.0,2.2163432321819387,2.228594949342983,2.2163432321819387,4.123340357836604,2.2163432321819387,3.8543353961147075,0.06233149195765726,0.7200436661726203,0.0,-0.023259968828227156,-0.018452006746491466,0.39060494733059187,0.10597063894130168,0.4136634625235246,-0.08751863219481021,0.4183328890817469
10,258,0.0,0.0,0.0,2.2163432321819387,2.228594949342983,2.2163432321819387,4.516039439535327,2.2163432321819387,3.8710704730160552,0.0623314919576574,0.7534364379526226,0.0,0.026964204789775913,-0.16104297593696879,0.42826533392308497,-0.014749880736558987,0.3823055182243017,0.17579285667352776,0.4246353313750171
10,259,0.0,0.0,0.0,1.4846544534494774,2.633794031041707,1.4846544534494774,3.3379421944391554,1.4846544534494774,4.697013276646426,0.06233149195765726,2.8780805089341857,0.0,-0.3445178138099129,0.042439031648131675,-0.44729336093093675,1.9133987124338847,-0.4883568257662084,-1.9558377440820163,-0.48774395592610825
10,260,0.0,0.0,0.0,1.4846544534494774,2.633794031041707,1.4846544534494774,3.730641276137879,1.4846544534494774,4.2244774929376385,0.06233149195765726,1.3188205712611172,0.0,-0.28432384353608364,-0.01227094917557678,-0.448163568602943,0.7205571361896934,-0.46708356787879607,-0.7082861870141166,-0.46734090571070214
10,261,0.0,0.0,0.0,1.4846544534494774,3.038993112740431,1.4846544534494774,3.730641276137879,1.4846544534494774,4.726422170668182,0.06233149195765733,2.977154747521958,0.0,-0.33307230701476975,-0.06664310451601654,-0.44747439497416575,2.041669893902701,-0.4887564291057535,-1.9750267893866846,-0.4897029405664368
10,262,0.0,0.0,0.0,1.4846544534494774,2.633794031041707,1.4846544534494774,3.3379421944391554,2.2163432321819387,4.138607043311463,0.06233149195765726,1.1742000962811947,0.0,-0.08578033030646462,0.045141548846011285,-0.3496822949579157,0.5458623311363371,0.3501697171588539,-0.5910038799823484,-0.6907981128210552
10,263,0.0,0.0,0.0,1.4846544534494774,2.633794031041707,1.4846544534494774,3.730641276137879,2.2163432321819387,3.948838715078336,0.06233149195765726,0.6890186616757537,0.0,-0.06497679643490675,-0.002420763788630913,-0.34004067626973067,0.37089234763013657,-0.035199116078468394,-0.36847158384150563,-0.283407464695692
10,264,0.0,0.0,0.0,1.4846544534494774,3.038993112740431,1.4846544534494774,3.3379421944391554,2.2163432321819387,4.373160417711565,0.06233149195765733,2.020431736583309,0.0,-0.13452879378515067,-0.009230606494428481,-0.34899312132913846,0.5142980024257607,1.0711641497186775,-0.5050673959313323,-1.5083689394938908
10,265,0.0,0.0,0.0,1.4846544534494774,3.038993112740431,1.4846544534494774,3.730641276137879,2.2163432321819387,4.148146107465562,0.06233149195765733,1.2024651629899108,0.0,-0.11372525991359282,-0.05679291912907068,-0.33935150264095343,0.6044106604501185,0.3685407563827742,-0.5476177413210479,-0.7166480511824214
10,266,0.0,0.0,0.0,1.4846544534494774,2.633794031041707,2.2163432321819387,3.3379421944391554,1.4846544534494774,4.1369875917382775,0.06233149195765726,1.1792102914672986,0.0,-0.11399923830239216,0.03440813481248783,-0.3423345479994898,0.5538932279719809,-0.695139984380566,-0.5883013627844688,0.3507825869989541
10,267,0.0,0.0,0.0,1.4846544534494774,2.633794031041707,2.2163432321819387,3.730641276137879,1.4846544534494774,3.949563471072041,0.06233149195765726,0.6883111354239776,0.0,-0.05380526802856292,-0.020301846011220627,-0.34320475567149605,0.3789232444657804,-0.281471579851588,-0.35862139845455976,-0.035456453910374476
10,268,0.0,0.0,0.0,1.4846544534494774,3.038993112740431,2.2163432321819387,3.3379421944391554,1.4846544534494774,4.373351573628306,0.06233149195765733,2.019623343003591,0.0,-0.13084711038246608,-0.013320167853949894,-0.34988924788152037,0.5156850465874026,-1.507855051487745,-0.5023648787334527,1.0710878459300004
10,269,0.0,0.0,0.0,1.4846544534494774,3.038993112740431,2.2163432321819387,3.730641276137879,1.4846544534494774,4.150681470949196,0.06233149195765733,1.1949303800894726,0.0,-0.07065314010863684,-0.06803014867765834,-0.3507594555535266,0.6057977046117603,-0.7098564067726606,-0.537767555934102,0.3675942449220909
10,270,0.0,0.0,0.0,1.4846544534494774,2.633794031041707,2.2163432321819387,3.730641276137879,2.2163432321819387,4.132925965025787,0.06233149195765726,1.4353009432149006,0.0,0.165541779072614,-0.01045166062427476,-0.2350818633382837,0.9234038570993807,0.38251330480695545,-0.9129521964751058,0.3805774199628515
10,271,0.0,0.0,0.0,2.2163432321819387,2.633794031041707,1.4846544534494774,3.3379421944391554,1.4846544534494774,4.550673370968817,0.06233149195765726,2.863289001559571,0.0,-0.6083242642870994,0.03711065201036744,0.004346140605556777,1.9214296092695284,-0.3833980128347615,-1.9585402612798959,-0.3901328899530872
10,272,0.0,0.0,0.0,2.2163432321819387,2.633794031041707,1.4846544534494774,3.730641276137879,1.4846544534494774,4.075793379693139,0.06233149195765726,1.2677902342572709,0.0,-0.5481302940132702,-0.01045166062427476,-0.0019316157980579889,0.7285880330253373,-0.36212475494734914,-0.7181363724010625,-0.3592180133774898
10,273,0.0,0.0,0.0,2.2163432321819387,3.038993112740431,1.4846544534494774,3.730641276137879,1.4846544534494774,4.57954866491361,0.06233149195765733,2.9618872074901814,0.0,-0.5968787574919562,-0.05817996329071248,0.002924143767598761,2.043056938064343,-0.3920414896851144,-1.9848769747736306,-0.3815800482332245
10,274,0.0,0.0,0.0,2.2163432321819387,2.633794031041707,1.4846544534494774,3.3379421944391554,2.2163432321819387,4.080780617184201,0.06233149195765726,1.1324878225350554,0.0,-0.34958678078365113,0.02826712861384588,0.16721749533403388,0.5538932279719809,0.45512853009030085,-0.5821603565858268,-0.527926758092578
10,275,0.0,0.0,0.0,2.2163432321819387,2.633794031041707,1.4846544534494774,3.730641276137879,2.2163432321819387,3.8983402217925462,0.06233149195765726,0.6443851529304612,0.0,-0.32878324691209326,-0.03997161697041367,0.17668440316616232,0.3789232444657804,0.06975969685297854,-0.3389516274953667,-0.10479144573147169
10,276,0.0,0.0,0.0,2.2163432321819387,3.038993112740431,1.4846544534494774,3.3379421944391554,2.2163432321819387,4.31714459907423,0.06233149195765733,1.9685358583410544,0.0,-0.3983352442623372,-0.019461174052591842,0.1720732548996906,0.5156850465874026,1.1678790891393167,-0.49622387253481076,-1.3454975847654136
10,277,0.0,0.0,0.0,2.2163432321819387,3.038993112740431,1.4846544534494774,3.730641276137879,2.2163432321819387,4.099458221669701,0.06233149195765733,1.1508847912883127,0.0,-0.3775317103907793,-0.08769991963685139,0.18154016273181905,0.6057977046117603,0.4652556958034133,-0.518097784974909,-0.538032032218201
10,278,0.0,0.0,0.0,2.2163432321819387,2.633794031041707,2.2163432321819387,3.3379421944391554,1.4846544534494774,4.08591000668415,0.06233149195765726,1.1315711494703888,0.0,-0.37780568877957865,0.06177694139224177,0.17822672053332955,0.5292269385901066,-0.5212594044527932,-0.5910038799823484,0.4483936529719751
10,279,0.0,0.0,0.0,2.2163432321819387,2.633794031041707,2.2163432321819387,3.730641276137879,1.4846544534494774,3.896141678451024,0.06233149195765726,0.6393522022561811,0.0,-0.31761171850574943,0.014214628757599568,0.17194896412971478,0.3542569550839061,-0.10759099992381525,-0.36847158384150563,0.07266643842283786
10,280,0.0,0.0,0.0,2.2163432321819387,3.038993112740431,2.2163432321819387,3.3379421944391554,1.4846544534494774,4.316516447331768,0.06233149195765733,1.9696994906198713,0.0,-0.3946535608596526,-0.006040440724921455,0.17072926511682432,0.5111078366562538,-1.346327686542134,-0.5050673959313323,1.1686989119030216
10,281,0.0,0.0,0.0,2.2163432321819387,3.038993112740431,2.2163432321819387,3.730641276137879,1.4846544534494774,4.091502137085767,0.06233149195765733,1.1533011654565908,0.0,-0.3344595905858233,-0.05360275335956365,0.16445150871320954,0.6012204946806116,-0.5483290418270498,-0.5476177413210479,0.47571713725530324
10,282,0.0,0.0,0.0,2.2163432321819387,2.633794031041707,2.2163432321819387,3.730641276137879,2.2163432321819387,4.17768979236348,0.06233149195765726,1.5307642541246653,0.0,-0.09826467140457251,-0.015305327588539343,0.3505649830939351,0.8987375677175063,0.5563938847347282,-0.8834322401289669,0.5591934389270717
10,283,0.0,0.0,0.0,1.4846544534494774,2.633794031041707,1.4846544534494774,4.123340357836604,1.4846544534494774,4.046877534348326,0.062331491957657185,0.9134242810763562,0.0,-0.17309988930291612,-0.08480975610382506,-0.45008976573038745,0.3343085323330074,-0.4574889972687945,-0.24949877622918237,-0.459672532228145
10,284,0.0,0.0,0.0,1.4846544534494774,2.633794031041707,1.4846544534494774,4.516039439535327,1.4846544534494774,4.007577956555456,0.06233149195765733,0.8290694237051174,0.0,-0.027778789894754612,-0.19913115992289654,-0.453551546274219,0.1589421869766931,-0.4523303478595855,0.040188972946203425,-0.45797566336276757
10,285,0.0,0.0,0.0,1.4846544534494774,3.038993112740431,1.4846544534494774,4.123340357836604,1.4846544534494774,4.263095817974884,0.06233149195765726,1.330200035804031,0.0,-0.22184835278160217,-0.13918191144426484,-0.4494005921016102,0.7943860837167274,-0.46682482462920516,-0.6552041722724625,-0.469697533217333
10,286,0.0,0.0,0.0,1.4846544534494774,3.038993112740431,1.4846544534494774,4.516039439535327,1.4846544534494774,4.116159926960781,0.0623314919576574,0.9361972657984259,0.0,-0.07652725337344067,-0.2535033152633363,-0.45286237264544177,0.3965353182074568,-0.4570186772328227,-0.1430320029441205,-0.463353166364782
10,287,0.0,0.0,0.0,1.4846544534494774,2.633794031041707,1.4846544534494774,4.123340357836604,2.2163432321819387,3.8467099978018586,0.062331491957657185,0.48739640943324397,0.0,-0.02653687813923147,-0.060851473646536924,-0.3168482624366025,0.2186429415887817,-0.2074435667728005,-0.15779146794224477,-0.13045924312062937
10,288,0.0,0.0,0.0,1.4846544534494774,2.633794031041707,1.4846544534494774,4.516039439535327,2.2163432321819387,3.821331878749643,0.06233149195765733,0.4458219487045082,0.0,0.0236872954787716,-0.1408249309257356,-0.2692833503524543,0.11433291516437862,-0.28686872042125566,0.026492015761356964,-0.09891123741563493
10,289,0.0,0.0,0.0,1.4846544534494774,3.038993112740431,1.4846544534494774,4.123340357836604,2.2163432321819387,3.9767266607666896,0.06233149195765726,0.707109268697842,0.0,-0.07528534161791753,-0.11522362898697669,-0.3161590888078253,0.43092371394795015,-0.026405472016639363,-0.3157000849609734,-0.3082913253136802
10,290,0.0,0.0,0.0,1.4846544534494774,3.038993112740431,1.4846544534494774,4.516039439535327,2.2163432321819387,3.899436367737857,0.0623314919576574,0.5150028066409273,0.0,-0.025061167999914466,-0.19519708626617535,-0.2685941767236771,0.27705676928458545,-0.2031158865957279,-0.08185968301841008,-0.17215565617191544
10,291,0.0,0.0,0.0,1.4846544534494774,2.633794031041707,2.2163432321819387,4.123340357836604,1.4846544534494774,3.8537087385818203,0.062331491957657185,0.506758902300535,0.0,0.057418686204604635,-0.09284065293946892,-0.3451309527989405,0.22667383842442557,-0.11196895004202705,-0.13383318548495665,-0.20962710173215104
10,292,0.0,0.0,0.0,1.4846544534494774,2.633794031041707,2.2163432321819387,4.516039439535327,1.4846544534494774,3.8434171391033356,0.06233149195765733,0.5612816100866044,0.0,0.20273978561276615,-0.20716205675854038,-0.3485927333427721,0.12236381200002247,-0.042101159570506676,0.08479824475851792,-0.2925140359244378
10,293,0.0,0.0,0.0,1.4846544534494774,3.038993112740431,2.2163432321819387,4.123340357836604,1.4846544534494774,3.9855360090365792,0.06233149195765726,0.7070004830461084,0.0,0.040570814124530716,-0.14056895560590663,-0.35268565268097113,0.4323107581095919,-0.2849452726694211,-0.2917418025036853,-0.029278180604767157
10,294,0.0,0.0,0.0,1.4846544534494774,3.038993112740431,2.2163432321819387,4.516039439535327,1.4846544534494774,3.923332235581478,0.0623314919576574,0.6004407343130552,0.0,0.18589191353269222,-0.2548903594249781,-0.35614743322480263,0.2784438134462272,-0.11048981876113044,-0.02355345402124912,-0.20945037572768724
10,295,0.0,0.0,0.0,1.4846544534494774,2.633794031041707,2.2163432321819387,4.123340357836604,2.2163432321819387,3.894103409283266,0.062331491957657185,0.7549993376201397,0.0,0.20398169736828928,-0.06888237048218077,-0.21188944950515562,0.44164312872730915,0.27813486897413414,-0.3727607582451284,0.2596445758955318
10,296,0.0,0.0,0.0,1.4846544534494774,2.633794031041707,2.2163432321819387,4.516039439535327,2.2163432321819387,3.810173454432501,0.06233149195765733,0.4955180512786534,0.0,0.2542058709862923,-0.14885582776137943,-0.16432453742100742,0.22291193480912103,0.22201440478349554,-0.0740561070477416,0.16520432693836729
10,297,0.0,0.0,0.0,1.4846544534494774,3.038993112740431,2.2163432321819387,4.123340357836604,2.2163432321819387,4.1695460102701,0.06233149195765726,1.4661220983984131,0.0,0.18713382528821534,-0.11661067314861849,-0.2194441493871862,0.9954002562249465,0.39205167618929593,-0.878789583076328,0.36870562354503683
10,298,0.0,0.0,0.0,1.4846544534494774,3.038993112740431,2.2163432321819387,4.516039439535327,2.2163432321819387,3.951363275890878,0.0623314919576574,0.7724856137128997,0.0,0.23735799890621842,-0.19658413042781717,-0.171879237303038,0.49916836655253916,0.28537151629620733,-0.30258423612472196,0.2237056788854223
10,299,0.0,0.0,0.0,2.2163432321819387,2.633794031041707,1.4846544534494774,4.123340357836604,1.4846544534494774,3.8919194363175698,0.062331491957657185,0.7866279037873409,0.0,-0.4369063397801026,-0.06888237048218077,-0.018486024032556343,0.3423394291686513,-0.35253018433734756,-0.27345705868647047,-0.32643102893436016
10,300,0.0,0.0,0.0,2.2163432321819387,2.633794031041707,1.4846544534494774,4.516039439535327,1.4846544534494774,3.8375333389509683,0.06233149195765733,0.5780985352606616,0.0,-0.2915852403719411,-0.14885582776137943,-0.056805808799082265,0.16697308381233697,-0.34737153492813855,-0.01811725605095753,-0.2737074674410029
10,301,0.0,0.0,0.0,2.2163432321819387,3.038993112740431,1.4846544534494774,4.123340357836604,1.4846544534494774,4.109948327434056,0.06233149195765726,1.2626737184636503,0.0,-0.4856548032587887,-0.11661067314861849,-0.013630264466899593,0.7957731278783692,-0.3701098852085661,-0.6791624547297507,-0.33645602992354806
10,302,0.0,0.0,0.0,2.2163432321819387,3.038993112740431,1.4846544534494774,4.516039439535327,1.4846544534494774,3.9479259168462213,0.0623314919576574,0.7508379667087692,0.0,-0.34033370385062717,-0.19658413042781717,-0.05195004923342551,0.3979223623690986,-0.3603037378121836,-0.20133823194128145,-0.2790849704430174
10,303,0.0,0.0,0.0,2.2163432321819387,2.633794031041707,1.4846544534494774,4.123340357836604,2.2163432321819387,3.8135169219323535,0.062331491957657185,0.46782418967854933,0.0,-0.290343328616418,-0.13044792707757066,0.19763932146743007,0.22667383842442557,-0.10248475384135357,-0.09622591134685489,0.08566610237935704
10,304,0.0,0.0,0.0,2.2163432321819387,2.633794031041707,1.4846544534494774,4.516039439535327,2.2163432321819387,3.8230511223707686,0.06233149195765733,0.5437504277188746,0.0,-0.2401191549984149,-0.27303889626804795,0.23529970805992315,0.12236381200002247,-0.18190990748980876,0.1506750842680255,0.19319427944337048
10,305,0.0,0.0,0.0,2.2163432321819387,2.633794031041707,2.2163432321819387,4.123340357836604,1.4846544534494774,3.7940129611745466,0.062331491957657185,0.379567445733455,0.0,-0.20638776427258185,-0.04421608110030644,0.15539455589521642,0.20200754904255122,0.06191162988574573,-0.15779146794224477,-0.07638559843836615
10,306,0.0,0.0,0.0,2.2163432321819387,2.633794031041707,2.2163432321819387,4.516039439535327,1.4846544534494774,3.768634842122331,0.06233149195765733,0.26867878845904114,0.0,-0.06106666486442036,-0.12418953837950511,0.1170747711286905,0.09769752261814814,0.13177942035726609,0.026492015761356964,-0.10824584000267314
10,307,0.0,0.0,0.0,2.2163432321819387,3.038993112740431,2.2163432321819387,4.123340357836604,1.4846544534494774,3.9200826903868933,0.06233149195765726,0.6268349725736714,0.0,-0.22323563635265578,-0.11203346321746967,0.14789710047871119,0.4277335481784431,-0.12341790772381031,-0.3157000849609734,0.10396332268901774
10,308,0.0,0.0,0.0,2.2163432321819387,2.633794031041707,2.2163432321819387,4.123340357836604,2.2163432321819387,3.9561726540372435,0.062331491957657185,0.9242201660437005,0.0,-0.05982475310889722,-0.10578163769569635,0.37151990139520286,0.41697683934543484,0.4520154489019069,-0.3111952016497385,0.4757699213955182
10,309,0.0,0.0,0.0,2.2163432321819387,2.633794031041707,2.2163432321819387,4.516039439535327,2.2163432321819387,3.9071550186771096,0.06233149195765733,0.7980531382089614,0.0,-0.009600579490894146,-0.24837260688617366,0.4091802879876959,0.1982456454272467,0.3958949847112683,0.05012696145892694,0.4573098437973727
10,310,0.0,0.0,0.0,2.2163432321819387,3.038993112740431,2.2163432321819387,4.123340357836604,2.2163432321819387,4.225857713781665,0.06233149195765726,1.5705381523453321,0.0,-0.07667262518897114,-0.17359901981285955,0.3640224459786976,0.9908230462937977,0.5535790411349067,-0.8172240264809382,0.5848309690450232
10,311,0.0,0.0,0.0,2.2163432321819387,3.038993112740431,2.2163432321819387,4.516039439535327,2.2163432321819387,4.042587298893075,0.0623314919576574,1.0021237030650965,0.0,-0.026448451570968066,-0.31618998900333684,0.4016828325711907,0.4945911566213903,0.4468988812418181,-0.17840116761805344,0.5158111957444277
10,312,0.0,0.0,0.0,1.4846544534494774,1.8233958676442588,1.4846544534494774,4.908738521234052,1.4846544534494774,4.146896113711941,0.06233149195765736,1.0557442205841914,0.0,0.3810279507698396,-0.23608291715833654,-0.4647002581687568,-0.23882671515723541,-0.45222064675099655,0.47490963231557193,-0.4589675524763843
10,313,0.0,0.0,0.0,1.4846544534494774,1.8233958676442588,1.4846544534494774,5.301437602932776,1.4846544534494774,4.427420787805362,0.06233149195765722,1.6299195739017835,0.0,0.526349050178001,-0.749998067329988,-0.47651099461093266,-0.28911439320350973,-0.4525223454079492,1.0391124605334976,-0.4710799875755128
10,314,0.0,0.0,0.0,1.4846544534494774,2.228594949342983,1.4846544534494774,4.908738521234052,1.4846544534494774,4.084642508300673,0.0623314919576574,0.9918907337015295,0.0,0.235313983694625,-0.34468262346567774,-0.46143101391494973,-0.07673906040943587,-0.44953267373162636,0.4214216838751136,-0.45954882371082123
10,315,0.0,0.0,0.0,1.4846544534494774,2.228594949342983,1.4846544534494774,5.301437602932776,1.4846544534494774,4.344815650657704,0.06233149195765726,1.5875919240948808,0.0,0.38063508310278654,-0.8585977736373291,-0.47324175035712557,-0.12865484812863684,-0.44895563825183504,0.9872526217659661,-0.4707825246732057
10,316,0.0,0.0,0.0,1.4846544534494774,1.8233958676442588,1.4846544534494774,4.908738521234052,2.2163432321819387,3.9400411159554993,0.06233149195765736,0.6718298788282191,0.0,0.32956186539631344,-0.07920382535414532,-0.17530132213360464,-0.23958357697136443,-0.3557395655431399,0.31878740232550973,-0.1420007983838824
10,317,0.0,0.0,0.0,1.4846544534494774,1.8233958676442588,1.4846544534494774,5.301437602932776,2.2163432321819387,4.105084153672484,0.06233149195765722,0.9085732818960273,0.0,0.3797860390143165,-0.2455918370396194,0.043032496783805024,-0.2842579398927807,-0.3524780998658804,0.5298497769324001,-0.3651255312255326
10,318,0.0,0.0,0.0,1.4846544534494774,2.228594949342983,1.4846544534494774,4.908738521234052,2.2163432321819387,3.8762775246943177,0.0623314919576574,0.5662302439537201,0.0,0.18384789832109888,-0.1878035316614865,-0.17203207787979755,-0.08383361879776449,-0.3461288661464584,0.271637150459251,-0.14605282604747177
10,319,0.0,0.0,0.0,1.4846544534494774,2.228594949342983,1.4846544534494774,5.301437602932776,2.2163432321819387,4.023235433440689,0.06233149195765726,0.8302122426826674,0.0,0.23407207193910198,-0.35419154334696057,0.04630174103761211,-0.1295808292083103,-0.3524249812494476,0.4837723725552709,-0.36309346631681694
10,320,0.0,0.0,0.0,1.4846544534494774,1.8233958676442588,2.2163432321819387,4.908738521234052,1.4846544534494774,3.9817839767259753,0.06233149195765736,0.8726650737547879,0.0,0.44695894636311195,-0.2871874465487769,-0.2901112484579714,-0.18847904758092404,-0.04417531452083499,0.47566649412970097,-0.3624864712685276
10,321,0.0,0.0,0.0,1.4846544534494774,2.228594949342983,2.2163432321819387,4.908738521234052,1.4846544534494774,3.931563122436533,0.0623314919576574,0.8467118148599171,0.0,0.3965989944307462,-0.365273237934518,-0.3340012997516636,-0.06324300432892423,-0.013550219985540792,0.4285162422634422,-0.3561450161256532
10,322,0.0,0.0,0.0,1.4846544534494774,2.228594949342983,2.2163432321819387,5.301437602932776,2.2163432321819387,3.959181304184504,0.06233149195765726,0.7956233835067402,0.0,0.3953570826752232,-0.3747821578158008,0.17373145520089828,-0.10592914768872017,0.1517244673844354,0.480711305504521,-0.2018425218950414
10,323,0.0,0.0,0.0,2.2163432321819387,1.8233958676442588,1.4846544534494774,4.908738521234052,1.4846544534494774,3.919167820750451,0.06233149195765736,0.558046022567037,0.0,0.11722150029265306,-0.1303083547445857,-0.19615894208866255,-0.187722185766795,-0.2776316370402112,0.31803054051138074,-0.16956861644123214
10,324,0.0,0.0,0.0,2.2163432321819387,1.8233958676442588,1.4846544534494774,5.301437602932776,1.4846544534494774,4.084977792623502,0.06233149195765722,0.8678639017250084,0.0,0.26254259970081456,-0.29669636643005975,-0.41722332530620837,-0.23800986381306932,-0.27793333569716383,0.5347062302431291,0.04846350381922489
10,325,0.0,0.0,0.0,2.2163432321819387,2.228594949342983,1.4846544534494774,4.908738521234052,1.4846544534494774,3.870456952310924,0.0623314919576574,0.5255026648833776,0.0,-0.02849246678256149,-0.20839414613032678,-0.16148181988977897,-0.05614844594059561,-0.32210295956834023,0.2645425920709224,-0.17014988767566902
10,326,0.0,0.0,0.0,2.2163432321819387,2.228594949342983,1.4846544534494774,5.301437602932776,1.4846544534494774,4.015915392447584,0.06233149195765726,0.8068626034363995,0.0,0.11682863262560003,-0.3747821578158008,-0.3825462031073248,-0.10806423365979659,-0.32152592408854885,0.48284639147559744,0.04876096672153199
10,327,0.0,0.0,0.0,2.2163432321819387,1.8233958676442588,1.4846544534494774,4.908738521234052,2.2163432321819387,3.9964970234425468,0.06233149195765736,0.8658745308177764,0.0,0.06575541491912695,-0.4063701207138251,0.25276578961342056,-0.18847904758092404,-0.18115055583235454,0.5948491682947491,0.30692393331820067
10,328,0.0,0.0,0.0,2.2163432321819387,2.228594949342983,1.4846544534494774,4.908738521234052,2.2163432321819387,3.946276169153105,0.0623314919576574,0.8759274052961019,0.0,-0.0799585521560876,-0.4844559120995662,0.28744291181230414,-0.06324300432892423,-0.21869915198317222,0.5476989164284903,0.3028719056546113
10,329,0.0,0.0,0.0,2.2163432321819387,2.228594949342983,1.4846544534494774,5.301437602932776,2.2163432321819387,4.275589491195842,0.06233149195765726,1.7934426407739148,0.0,-0.029734378538084527,-1.1254527586797576,0.41593080835067897,-0.10899021473947004,-0.2249952670861614,1.2344429734192277,0.4353835451411868
10,330,0.0,0.0,0.0,2.2163432321819387,1.8233958676442588,2.2163432321819387,4.908738521234052,1.4846544534494774,3.9161142774234037,0.06233149195765736,0.5406163554022883,0.0,0.18315249588592547,-0.0184000831889368,0.08154134972066035,-0.30038731913657296,0.23352497728848792,0.31878740232550973,-0.07308753523337545
10,331,0.0,0.0,0.0,2.2163432321819387,2.228594949342983,2.2163432321819387,4.908738521234052,1.4846544534494774,3.8336275517420044,0.0623314919576574,0.41609293676798964,0.0,0.1327925439535597,-0.15385448506693103,0.04597554741032981,-0.11778266539231998,0.193907147314568,0.271637150459251,-0.06674608009050102
10,332,0.0,0.0,0.0,2.2163432321819387,2.228594949342983,2.2163432321819387,5.301437602932776,1.4846544534494774,3.980585460488376,0.06233149195765726,0.7291245282850336,0.0,0.27811364336172123,-0.32024249675240507,-0.17508883580721601,-0.1635298758028658,0.19793089026276867,0.4837723725552709,0.14529162372391943
10,333,0.0,0.0,0.0,2.2163432321819387,1.8233958676442588,2.2163432321819387,4.908738521234052,2.2163432321819387,4.080923975242882,0.06233149195765736,1.0954266251162492,0.0,0.13168641051239935,-0.2944618491581762,0.5304660814227434,-0.2978841375736077,0.39470155661645606,0.592345986731784,0.46810051264616886
10,334,0.0,0.0,0.0,2.2163432321819387,1.8233958676442588,2.2163432321819387,5.301437602932776,2.2163432321819387,4.4308172045469005,0.06233149195765722,1.91584296943711,0.0,0.18191058413040243,-0.9354586957383676,0.6589539779611183,-0.36060702682630885,0.3979837080733179,1.2960657225646766,0.5998705606414055
10,335,0.0,0.0,0.0,2.2163432321819387,2.228594949342983,2.2163432321819387,4.908738521234052,2.2163432321819387,4.003276206455483,0.0623314919576574,1.0394502705323905,0.0,0.08132645858003358,-0.4299162510361704,0.4949002791124129,-0.09571520846494905,0.3654593496718097,0.5256314595011194,0.47442410801185303
10,336,0.0,0.0,0.0,2.2163432321819387,2.228594949342983,2.2163432321819387,5.301437602932776,2.2163432321819387,4.327785347234878,0.06233149195765726,1.8920383694409035,0.0,0.13155063219803667,-1.0709130976163619,0.6233881756507877,-0.16046880875211592,0.35918183468454423,1.2313819063684777,0.5966344895629624
10,337,0.0,0.0,0.0,1.4846544534494774,1.8233958676442588,1.4846544534494774,5.6941366846315,2.2163432321819387,4.356293876971928,0.06233149195765722,1.4740256323447702,0.0,0.41822595730999185,-0.3957455362470633,0.5222630236508695,-0.3347170224996673,-0.3387056534609804,0.7304625587467306,-0.8989621035064952
10,338,0.0,0.0,0.0,1.4846544534494774,1.8233958676442588,1.4846544534494774,6.086835766330224,2.2163432321819387,4.62876544205215,0.06233149195765736,2.308337729469499,0.0,0.4390294911815497,-0.14267216894067966,1.2382962437598604,-0.39937660278225035,-0.3086046832893735,0.54204877172293,-1.7416623816747299
10,339,0.0,0.0,0.0,1.4846544534494774,2.228594949342983,1.4846544534494774,5.6941366846315,2.2163432321819387,4.255442930512881,0.06233149195765726,1.4174050810926693,0.0,0.2725119902347773,-0.5043452425544045,0.5255322679046766,-0.17418490331840655,-0.34945843082568806,0.6785301458728111,-0.8895849349623284
10,340,0.0,0.0,0.0,1.4846544534494774,2.228594949342983,1.4846544534494774,6.086835766330224,2.2163432321819387,4.505007786554537,0.0623314919576574,2.2437678853219047,0.0,0.29331552410633516,-0.25127187524802086,1.2415654880136675,-0.22434469336096388,-0.3360793322909576,0.47561656860898477,-1.7188213783971678
10,341,0.0,0.0,0.0,1.4846544534494774,1.8233958676442588,2.2163432321819387,5.6941366846315,2.2163432321819387,4.291564557385764,0.06233149195765722,1.4621292633305318,0.0,0.4841569529032642,-0.44685006563750373,0.6968520333616549,-0.322631050850005,0.1334916365824857,0.7694811164875087,-0.7100171050344378
10,342,0.0,0.0,0.0,1.4846544534494774,1.8233958676442588,2.2163432321819387,6.086835766330224,2.2163432321819387,4.5863365907975195,0.06233149195765736,2.2681881262303385,0.0,0.5049604867748221,-0.19377669833112005,1.4128852534706458,-0.4269931373451227,0.15956859559606526,0.6207698356762427,-1.5042465454677525
10,343,0.0,0.0,0.0,1.4846544534494774,2.228594949342983,2.2163432321819387,5.6941366846315,2.2163432321819387,4.193658366693047,0.06233149195765726,1.3952516007385412,0.0,0.43379700097089846,-0.5249358570232447,0.6529619820679627,-0.16851974327692232,0.15471166658569374,0.6934556003001671,-0.7234741972301133
10,344,0.0,0.0,0.0,1.4846544534494774,2.228594949342983,2.2163432321819387,6.086835766330224,2.2163432321819387,4.453339215539612,0.0623314919576574,2.2020249292355687,0.0,0.4546005348424563,-0.2718624897168611,1.3689952021769536,-0.24185617295829206,0.1675732596330257,0.5137186626751532,-1.5309190036296758
10,345,0.0,0.0,0.0,2.2163432321819387,1.8233958676442588,1.4846544534494774,5.6941366846315,1.4846544534494774,4.339641771396902,0.06233149195765722,1.491194859392554,0.0,0.37376655393398217,-0.44685006563750373,-0.9418421998425387,-0.2972846121802451,-0.2791474485689182,0.7441346778177489,0.526479917814535
10,346,0.0,0.0,0.0,2.2163432321819387,1.8233958676442588,1.4846544534494774,6.086835766330224,1.4846544534494774,4.620685943290967,0.06233149195765736,2.328870914192541,0.0,0.43396052420781145,-0.19377669833112005,-1.762148599289433,-0.38095625212591144,-0.2815444688207894,0.5747329504570314,1.2401161176716546
10,347,0.0,0.0,0.0,2.2163432321819387,2.228594949342983,1.4846544534494774,5.6941366846315,1.4846544534494774,4.248819884437483,0.06233149195765726,1.422790850565841,0.0,0.22805258685876764,-0.5249358570232447,-0.9071650776436551,-0.15824584610088038,-0.32180051043805613,0.6831817031241252,0.5277169072390892
10,348,0.0,0.0,0.0,2.2163432321819387,2.228594949342983,1.4846544534494774,6.086835766330224,1.4846544534494774,4.501729922003534,0.0623314919576574,2.2529051989595685,0.0,0.2882465571325969,-0.2718624897168611,-1.7274714770905495,-0.21704286276925938,-0.3229827609830574,0.4889053524861205,1.2425678768030788
10,349,0.0,0.0,0.0,2.2163432321819387,1.8233958676442588,2.2163432321819387,5.6941366846315,1.4846544534494774,4.332367038439832,0.06233149195765722,1.3775145533217257,0.0,0.4396975495272546,-0.3349417940818548,-0.6641419080332157,-0.3955207646648758,0.22224692991975126,0.7304625587467306,0.6415107226332581
10,350,0.0,0.0,0.0,2.2163432321819387,1.8233958676442588,2.2163432321819387,6.086835766330224,1.4846544534494774,4.604838603520054,0.06233149195765736,2.2206447747588105,0.0,0.4998915198010839,-0.08186842677547114,-1.48444830748011,-0.46018034494745885,0.19985305119841099,0.54204877172293,1.387644912913856
10,351,0.0,0.0,0.0,2.2163432321819387,2.228594949342983,2.2163432321819387,5.6941366846315,1.4846544534494774,4.212792957560567,0.06233149195765726,1.3410261188153765,0.0,0.38933759759488884,-0.47039619595984905,-0.6997077103435463,-0.20813394991296205,0.19605829615358755,0.6785301458728111,0.6274887010147434
10,352,0.0,0.0,0.0,2.2163432321819387,2.228594949342983,2.2163432321819387,6.086835766330224,1.4846544534494774,4.462357813602223,0.0623314919576574,2.1745976346604494,0.0,0.4495315678687181,-0.21732282865346536,-1.5200141097904405,-0.25829373995551935,0.1871282521656424,0.47561656860898477,1.3569010196584648
10,353,0.0,0.0,0.0,1.4846544534494774,2.633794031041707,1.4846544534494774,4.908738521234052,1.4846544534494774,4.081459759405701,0.06233149195765733,0.9714499457884719,0.0,0.1295156346425554,-0.4146986003665576,-0.45967669733259076,0.06064256975093579,-0.44939524967239963,0.3540560306156218,-0.46116571623395347
10,354,0.0,0.0,0.0,1.4846544534494774,2.633794031041707,1.4846544534494774,5.301437602932776,1.4846544534494774,4.318317836259358,0.062331491957657185,1.566661960933558,0.0,0.2748367340507169,-0.928613750538209,-0.47148743377476654,-0.004927908033221204,-0.44781152122111056,0.9335416585714302,-0.4713927242248402
10,355,0.0,0.0,0.0,1.4846544534494774,3.038993112740431,1.4846544534494774,4.908738521234052,1.4846544534494774,4.136328345351666,0.0623314919576574,0.9835748350516356,0.0,0.08076717116386932,-0.46907075570699736,-0.4589875237038135,0.21735160071702372,-0.45176435388185726,0.25171915498997366,-0.46422399407218834
10,356,0.0,0.0,0.0,1.4846544534494774,3.038993112740431,1.4846544534494774,5.301437602932776,1.4846544534494774,4.34065021137004,0.06233149195765726,1.5579072996721697,0.0,0.22608827057203085,-0.9829859058786489,-0.4707982601459893,0.11749834350229943,-0.4487757837944891,0.8654875623763494,-0.47304616042699604
10,357,0.0,0.0,0.0,1.4846544534494774,2.633794031041707,1.4846544534494774,4.908738521234052,2.2163432321819387,3.868181411153393,0.06233149195765733,0.5302274694480069,0.0,0.07804954926902927,-0.25781950856236635,-0.17027776129743855,0.042053648687743084,-0.32549723021227195,0.2157658598746233,-0.15909795629448678
10,358,0.0,0.0,0.0,1.4846544534494774,2.633794031041707,1.4846544534494774,5.301437602932776,2.2163432321819387,3.995147935529592,0.062331491957657185,0.8016667684739527,0.0,0.12827372288703234,-0.4242075202478405,0.048056057619971115,-0.012268501383629473,-0.344005526750567,0.4364760216314699,-0.367358705848935
10,359,0.0,0.0,0.0,1.4846544534494774,3.038993112740431,1.4846544534494774,4.908738521234052,2.2163432321819387,3.910845934855426,0.0623314919576574,0.5417493785357618,0.0,0.02930108579034321,-0.3121916639028061,-0.1695885876686613,0.17144286396165584,-0.2844438849009089,0.1407487999411503,-0.1905221968479446
10,360,0.0,0.0,0.0,1.4846544534494774,3.038993112740431,1.4846544534494774,5.301437602932776,2.2163432321819387,4.012421561205877,0.06233149195765726,0.8011901636642188,0.0,0.07952525940834629,-0.47857967558828024,0.048745231248748355,0.09838900742052546,-0.32395431925815205,0.38019066816775476,-0.3807821767147233
10,361,0.0,0.0,0.0,1.4846544534494774,2.633794031041707,2.2163432321819387,4.908738521234052,1.4846544534494774,3.928937309393979,0.06233149195765733,0.8303122040186011,0.0,0.36003421015007614,-0.42272949720220143,-0.35471788440114377,0.05008454552338693,-0.012103608795608789,0.3726449516788145,-0.3372676967738258
10,362,0.0,0.0,0.0,1.4846544534494774,3.038993112740431,2.2163432321819387,4.908738521234052,1.4846544534494774,3.97341244058594,0.0623314919576574,0.8236799149213565,0.0,0.3431863380700022,-0.47045779986863917,-0.3622725842831744,0.17282990812329763,-0.03867208978340988,0.29762789174534154,-0.29690352509123996
10,363,0.0,0.0,0.0,1.4846544534494774,2.633794031041707,2.2163432321819387,4.908738521234052,2.2163432321819387,3.8285751571382622,0.06233149195765733,0.4955928151196306,0.0,0.30856812477655,-0.2658504053980102,-0.06531894836599161,0.10030464323442316,0.19008374626347269,0.16554576216358707,0.04308939876459471
10,364,0.0,0.0,0.0,1.4846544534494774,2.633794031041707,2.2163432321819387,5.301437602932776,2.2163432321819387,3.9416484353282883,0.062331491957657185,0.7605688389835235,0.0,0.3587922983945531,-0.4322384170834843,0.15301487055141805,0.018519800981061603,0.1728545126428277,0.41371861610242266,-0.19520421807359611
10,365,0.0,0.0,0.0,2.2163432321819387,2.633794031041707,1.4846544534494774,4.908738521234052,1.4846544534494774,3.872744503914321,0.06233149195765733,0.5495922310023307,0.0,-0.1342908158346311,-0.2658504053980102,-0.146990078452832,0.06867346658657963,-0.3444364367409527,0.19717693881143059,-0.1717667801988013
10,366,0.0,0.0,0.0,2.2163432321819387,2.633794031041707,1.4846544534494774,5.301437602932776,1.4846544534494774,3.9948878785476083,0.062331491957657185,0.7914853905285335,0.0,0.011030283573530418,-0.4322384170834843,-0.3680544616703778,0.003102988802422643,-0.3428527082896636,0.42913542828106166,0.04815076716989747
10,367,0.0,0.0,0.0,2.2163432321819387,3.038993112740431,1.4846544534494774,4.908738521234052,1.4846544534494774,3.9294236973502144,0.0623314919576574,0.6045678361472541,0.0,-0.18303927931331718,-0.31357870806444793,-0.14213431888717523,0.2187386448786655,-0.3550494144612182,0.09484006318578242,-0.17482505803703616
10,368,0.0,0.0,0.0,2.2163432321819387,3.038993112740431,1.4846544534494774,5.301437602932776,1.4846544534494774,4.0190308611482175,0.06233149195765726,0.7964460522111686,0.0,-0.03771817990515564,-0.479966719749922,-0.36319870210472105,0.11888538766394123,-0.35206084437385005,0.3610813320859808,0.046497330967741626
10,369,0.0,0.0,0.0,2.2163432321819387,2.633794031041707,1.4846544534494774,4.908738521234052,2.2163432321819387,3.9436503561105507,0.06233149195765733,0.8924004656758989,0.0,-0.18575690120815722,-0.5419121713672496,0.3019346532492511,0.05008454552338693,-0.22053841728082504,0.4918276258438627,0.2898267754075963
10,370,0.0,0.0,0.0,2.2163432321819387,2.633794031041707,1.4846544534494774,5.301437602932776,2.2163432321819387,4.252972293783114,0.062331491957657185,1.8042305345405965,0.0,-0.13553272759015414,-1.182909017947441,0.43042254978762595,-0.004237604547985626,-0.23904671381912007,1.1871466224954266,0.4311183056090688
10,371,0.0,0.0,0.0,2.2163432321819387,3.038993112740431,1.4846544534494774,4.908738521234052,2.2163432321819387,3.9881254873025114,0.0623314919576574,0.8957702071777938,0.0,-0.2345053646868433,-0.5896404740336874,0.3067904128149079,0.17282990812329763,-0.18772894548026978,0.4168105659103897,0.2584025348541385
10,372,0.0,0.0,0.0,2.2163432321819387,3.038993112740431,1.4846544534494774,5.301437602932776,2.2163432321819387,4.272056526949327,0.06233149195765726,1.803553204052601,0.0,-0.1842811910688402,-1.2306373206138788,0.4352783093532827,0.09977605158216726,-0.22723937983751297,1.1308612690317115,0.41769483474328045
10,373,0.0,0.0,0.0,2.2163432321819387,2.633794031041707,2.2163432321819387,5.301437602932776,1.4846544534494774,3.9424508989022797,0.062331491957657185,0.7120957691743712,0.0,0.24154885908105117,-0.40757212770160994,-0.19417388174260505,-0.028903893929859953,0.17458060479526158,0.4364760216314699,0.151956761640441
10,374,0.0,0.0,0.0,2.2163432321819387,3.038993112740431,2.2163432321819387,5.301437602932776,1.4846544534494774,3.955777590826081,0.06233149195765726,0.7236893241880156,0.0,0.22470098700097724,-0.4753895098187732,-0.20167133715911026,0.09519884165101844,0.15365967851296802,0.38019066816775476,0.17131879550407872
10,375,0.0,0.0,0.0,2.2163432321819387,2.633794031041707,2.2163432321819387,4.908738521234052,2.2163432321819387,3.9993064227189024,0.06233149195765733,1.0350040342124533,0.0,0.04476167429936353,-0.5172458819853752,0.4758152331770239,0.07563835385254883,0.36396432619124547,0.44160752813282644,0.49201413046667786
10,376,0.0,0.0,0.0,2.2163432321819387,2.633794031041707,2.2163432321819387,5.301437602932776,2.2163432321819387,4.294735114205293,0.062331491957657185,1.885665431015912,0.0,0.0949858479173666,-1.1582427285655668,0.6043031297153987,-0.0061464884008127245,0.3467350925706005,1.1643892169663794,0.6032727933844076
10,377,0.0,0.0,0.0,2.2163432321819387,3.038993112740431,2.2163432321819387,4.908738521234052,2.2163432321819387,4.067742993534008,0.0623314919576574,1.0780944134393489,0.0,0.027913802219289605,-0.5850632641025385,0.4683177777605187,0.2710986251567688,0.38973758919171453,0.3139646389457697,0.5252848488836521
10,378,0.0,0.0,0.0,2.2163432321819387,3.038993112740431,2.2163432321819387,5.301437602932776,2.2163432321819387,4.322589871975737,0.06233149195765726,1.8883571408560964,0.0,0.07813797583729268,-1.2260601106827298,0.5968056742988935,0.14655350720486435,0.3572252148733611,1.0795066034778655,0.6212603711036736
10,379,0.0,0.0,0.0,1.4846544534494774,2.633794031041707,1.4846544534494774,5.6941366846315,2.2163432321819387,4.20925554804004,0.062331491957657185,1.396498216653401,0.0,0.16671364118270765,-0.5743612194552844,0.5272865844870356,-0.05816067990639917,-0.3506162201563093,0.6325218993616836,-0.8877463188713226
10,380,0.0,0.0,0.0,1.4846544534494774,2.633794031041707,1.4846544534494774,6.086835766330224,2.2163432321819387,4.4398898910263025,0.06233149195765733,2.2178407990211406,0.0,0.18751717505426554,-0.3212878521489007,1.2433198045960265,-0.10270109232611149,-0.3479434824293837,0.42398894447501223,-1.7097386619177057
10,381,0.0,0.0,0.0,1.4846544534494774,3.038993112740431,1.4846544534494774,5.6941366846315,2.2163432321819387,4.206428975514056,0.06233149195765726,1.39494449285459,0.0,0.1179651777040216,-0.6287333747957241,0.5279757581158129,0.04366113424652732,-0.3429357020558504,0.5850722405491968,-0.8922273142003276
10,382,0.0,0.0,0.0,1.4846544534494774,3.038993112740431,1.4846544534494774,6.086835766330224,2.2163432321819387,4.4189459853556246,0.0623314919576574,2.2115247844725707,0.0,0.13876871157557946,-0.3756600074893405,1.2440089782248036,-0.0023830148167770042,-0.34986347761738407,0.37804302230611747,-1.7080924095167693
10,383,0.0,0.0,0.0,1.4846544534494774,2.633794031041707,2.2163432321819387,5.6941366846315,2.2163432321819387,4.150713474392349,0.062331491957657185,1.3600371771194908,0.0,0.3972322166902284,-0.5823921162909282,0.6322453974184825,-0.046509855026140974,0.16627152508855456,0.6289019713170692,-0.7264060801641995
10,384,0.0,0.0,0.0,1.4846544534494774,2.633794031041707,2.2163432321819387,6.086835766330224,2.2163432321819387,4.383392907943697,0.06233149195765733,2.1720010984711995,0.0,0.41803575056178627,-0.32931874898454455,1.3482786175274735,-0.10898070948504981,0.1689643652381315,0.4382994584695944,-1.5440196394615169
10,385,0.0,0.0,0.0,1.4846544534494774,3.038993112740431,2.2163432321819387,5.6941366846315,2.2163432321819387,4.155028903613084,0.06233149195765726,1.3421671516023819,0.0,0.38038434461015447,-0.6301204189573659,0.6246906975364519,0.06850344442563246,0.17808163962064813,0.5616169745317335,-0.7194517251977627
10,386,0.0,0.0,0.0,1.4846544534494774,3.038993112740431,2.2163432321819387,6.086835766330224,2.2163432321819387,4.362263267099028,0.0623314919576574,2.159135702645161,0.0,0.4011878784817124,-0.3770470516509823,1.3407239176454429,0.0031839728525151108,0.1711918476329022,0.3738630787984672,-1.546647916632403
10,387,0.0,0.0,0.0,2.2163432321819387,2.633794031041707,1.4846544534494774,5.6941366846315,1.4846544534494774,4.207418442156563,0.062331491957657185,1.3957073000856648,0.0,0.12225423780669802,-0.5823921162909282,-0.8926733362067081,-0.04903412483682738,-0.342247593464841,0.6314262411277556,0.5279864088617846
10,388,0.0,0.0,0.0,2.2163432321819387,2.633794031041707,1.4846544534494774,6.086835766330224,1.4846544534494774,4.4386802665210645,0.06233149195765733,2.221192014487595,0.0,0.1824482080805273,-0.32931874898454455,-1.7129797356536025,-0.09911973558808881,-0.3424951220348029,0.4284384845726334,1.2437721004008135
10,389,0.0,0.0,0.0,2.2163432321819387,3.038993112740431,1.4846544534494774,5.6941366846315,1.4846544534494774,4.208072845493321,0.06233149195765726,1.3884647362184954,0.0,0.07350577432801195,-0.6301204189573659,-0.8878175766410513,0.052639496611937515,-0.35044154463704574,0.5774809223454285,0.5273471575716104
10,390,0.0,0.0,0.0,2.2163432321819387,3.038993112740431,1.4846544534494774,6.086835766330224,1.4846544534494774,4.4189342465584645,0.0623314919576574,2.211249530716187,0.0,0.13369974460184123,-0.3770470516509823,-1.7081239760879456,0.0002700251836066496,-0.34980822804068934,0.37677702646737565,1.2440136942769577
10,391,0.0,0.0,0.0,2.2163432321819387,2.633794031041707,2.2163432321819387,5.6941366846315,1.4846544534494774,4.156558511412728,0.062331491957657185,1.3341355982816847,0.0,0.3527728133142188,-0.5577258269090539,-0.7187927562789354,-0.07479607245262965,0.1788118663092043,0.6325218993616836,0.6245765951017632
10,392,0.0,0.0,0.0,2.2163432321819387,2.633794031041707,2.2163432321819387,6.086835766330224,1.4846544534494774,4.38719285439899,0.06233149195765733,2.1591596346324735,0.0,0.41296678358804806,-0.30465245960267023,-1.5390991557258296,-0.11933648487234198,0.17712592270971547,0.42398894447501223,1.3432825529376797
10,393,0.0,0.0,0.0,2.2163432321819387,3.038993112740431,2.2163432321819387,5.6941366846315,1.4846544534494774,4.14978500513426,0.06233149195765726,1.3424999891631317,0.0,0.33592494123414485,-0.6255432090262171,-0.7262902116954405,0.04047096847702029,0.16683341556369397,0.5850722405491968,0.6315679395734449
10,394,0.0,0.0,0.0,2.2163432321819387,3.038993112740431,2.2163432321819387,6.086835766330224,1.4846544534494774,4.362302014975828,0.0623314919576574,2.1580761784966502,0.0,0.3961189115079741,-0.37246984171983344,-1.5465966111423348,-0.005573180586284032,0.17127471969414654,0.37804302230611747,1.340673384120902
