depth,cell_index,theta_0,phi_0,theta_1,phi_1,theta_2,phi_2,theta_3,phi_3,center_energy,volume,gradient_norm,gradient_0,gradient_1,gradient_2,gradient_3,gradient_4,gradient_5,gradient_6,gradient_7
40,0,0.0,0.0,0.0,1.8905130729026394,2.092473382834817,1.901945710070334,4.1939034740793435,1.9133783472380288,3.6744053722967305,5.805072556962736e-11,0.018455644950150882,0.0,0.006652106762420119,-0.0011296993925004036,-0.01283011232336077,-0.0015811559435719722,-0.009431047699077377,0.0027108553360723755,-0.005628396905571505
40,1,0.0,0.0,0.0,1.901945710070334,2.086142147183275,1.8905130729026394,4.1877675509278,1.9133783472380288,3.674411009536163,5.8050725569635765e-11,0.0175298172399847,0.0,0.0013760728996753309,0.0016735242792097677,-0.009057622256630425,-0.003622540789402163,-0.013044881809676003,0.001949016510192395,-0.005785266011933389
40,2,0.0,0.0,0.0,1.901945710070334,2.092473382834817,1.8905130729026394,4.181631627776257,1.9133783472380288,3.6744057112104764,5.805072556962736e-11,0.017257807321406932,0.0,-0.000992179155213301,0.001612385500653648,-0.009435036559751009,0.0011613258145755578,-0.012825920025826762,-0.002773711315229206,-0.005628624660028116
40,3,0.0,0.0,0.0,1.9133783472380288,2.0988046184863602,1.8905130729026394,4.181631627776257,1.901945710070334,3.674418254827687,5.805072556962736e-11,0.019258737355897546,0.0,-0.0075074196941401095,0.00031940354289692105,-0.005888239247520298,0.003762073718263669,-0.012845307622845055,-0.00408147726116059,-0.009162458774787741
40,4,0.0,0.0,0.0,1.901945710070334,2.092473382834817,1.8905130729026394,4.1939034740793435,1.9133783472380288,3.674409968213256,5.805072556962736e-11,0.017552093033796384,0.0,0.0012985076927368641,-0.0015114801061980158,-0.009035365087364891,-0.0019560319677781493,-0.013238380043600655,0.0034675120739761653,-0.0056002719616637725
40,5,0.0,0.0,0.0,1.9133783472380288,2.092473382834817,1.8905130729026394,4.1877675509278,1.901945710070334,3.6743991516350114,5.8050725569635765e-11,0.017749862860191208,0.0,-0.005124981583656485,0.000370877820745608,-0.005539971725090095,-0.001031171077707453,-0.013026606381990274,0.0006602932569618452,-0.009315126592916438
40,6,0.0,0.0,0.0,1.9133783472380288,2.092473382834817,1.8905130729026394,4.1939034740793435,1.901945710070334,3.67441276892941,5.805072556962736e-11,0.01810255301221073,0.0,-0.0039589026280121035,-0.0011968591369906274,-0.005360180933792953,-0.0025814275050426395,-0.013217849572358206,0.003778286642033267,-0.009285189221247754
40,7,0.0,0.0,0.0,1.9133783472380288,2.092473382834817,1.901945710070334,4.1939034740793435,1.8905130729026394,3.674411553371532,5.805072556962736e-11,0.018026062670902916,0.0,-0.003949006907184478,-0.0004351226320536087,-0.005367636302779914,-0.0029613832962820455,-0.009389833177549604,0.003396505928335654,-0.013109859573143944
40,8,0.0,0.0,0.0,1.9133783472380288,2.092473382834817,1.9133783472380288,4.1939034740793435,1.8905130729026394,3.6743416492110192,5.805072556962736e-11,0.012025784442993173,0.0,-0.0021971939360179485,-6.724264855510317e-05,-0.002519466577505686,-0.00301848871172345,-0.0028458113381803585,0.003085731360278553,-0.010329953657436481
40,9,0.0,0.0,0.0,1.901945710070334,2.079810911531732,1.901945710070334,4.175495704624716,1.901945710070334,3.6744054599099982,5.805072556962736e-11,0.018291781188887895,0.0,0.00026612195919934866,0.007098012606504256,-0.009232463511313401,-0.004070935318419488,-0.008872563103098688,-0.003027077288084767,-0.009718034030702722
40,10,0.0,0.0,0.0,1.901945710070334,2.079810911531732,1.901945710070334,4.181631627776257,1.901945710070334,3.674396379602645,5.805072556962736e-11,0.01797008634339696,0.0,0.0014238904472667411,0.005556276022868953,-0.009049290983058208,-0.0056236097764083455,-0.009057296579803302,6.733375353939244e-05,-0.009719594979152143
40,11,0.0,0.0,0.0,1.901945710070334,2.086142147183275,1.901945710070334,4.175495704624716,1.901945710070334,3.6743899659390062,5.805072556962736e-11,0.0176454178386124,0.0,-0.0009435019370239441,0.005464876836518721,-0.009427464029514112,-0.0008235607219724164,-0.008875226591134289,-0.004641316114546305,-0.009525697000537615
40,12,0.0,0.0,0.0,1.901945710070334,2.086142147183275,1.901945710070334,4.181631627776257,1.901945710070334,3.674371017532833,5.805072556962736e-11,0.01678892407315708,0.0,0.0002142665510434484,0.0039231402528834185,-0.009244291501258918,-0.002388186997460765,-0.009061656441425476,-0.0015349532554226532,-0.009528954322573606
40,13,0.0,0.0,0.0,1.901945710070334,2.079810911531732,1.901945710070334,4.175495704624716,1.9133783472380288,3.674331855163655,5.805072556962736e-11,0.012702023165520857,0.0,0.002064105425164242,0.006764165594557538,-0.006443240314933095,-0.0037313314877498007,-0.006055887868639636,-0.0030328341068077366,-0.0031649461411270255
40,14,0.0,0.0,0.0,1.901945710070334,2.079810911531732,1.901945710070334,4.181631627776257,1.9133783472380288,3.674322757587593,5.805072556962736e-11,0.012394459530499887,0.0,0.0032033052019355647,0.005219496525410299,-0.006246118933550568,-0.005286958332726941,-0.0062547351618545384,6.746180731664172e-05,-0.0031664057973112263
40,15,0.0,0.0,0.0,1.901945710070334,2.086142147183275,1.901945710070334,4.175495704624716,1.9133783472380288,3.6743185210061595,5.805072556962736e-11,0.011763663328393917,0.0,0.0008544815289409491,0.005131029824572003,-0.006638240833133805,-0.00048088844668660194,-0.006043805105972619,-0.004650141377885401,-0.0029794763146745915
40,16,0.0,0.0,0.0,1.901945710070334,2.086142147183275,1.901945710070334,4.181631627776257,1.9133783472380288,3.6742995365703597,5.805072556962736e-11,0.010619590451170993,0.0,0.0019936813057122717,0.0035863607554247655,-0.006441119451751278,-0.0020484888449129914,-0.006244529093256744,-0.0015378719105117737,-0.002982521212778203
40,17,0.0,0.0,0.0,1.901945710070334,2.079810911531732,1.9133783472380288,4.175495704624716,1.901945710070334,3.6743413494526633,5.805072556962736e-11,0.013459377466061632,0.0,0.001979203601575093,0.007445352750199518,-0.006378458810365996,-0.004078671631445063,-0.0023496219355416174,-0.003366681118754455,-0.00690135879624367
40,18,0.0,0.0,0.0,1.901945710070334,2.079810911531732,1.9133783472380288,4.181631627776257,1.901945710070334,3.6743301944308153,5.805072556962736e-11,0.01300491734526645,0.0,0.0031369720896424853,0.005903616166564215,-0.006195286282110802,-0.005634298476422203,-0.002527809462783282,-0.00026931769014201134,-0.006917033561203379
40,19,0.0,0.0,0.0,1.901945710070334,2.086142147183275,1.9133783472380288,4.175495704624716,1.901945710070334,3.6743258260372498,5.805072556962736e-11,0.012395290316724933,0.0,0.0007889800925080361,0.005809114191160002,-0.006588490834101593,-0.0008251258013278823,-0.0023521087897424107,-0.00498398838983212,-0.006694275515375943
40,20,0.0,0.0,0.0,1.901945710070334,2.086142147183275,1.9133783472380288,4.181631627776257,1.901945710070334,3.6743047841556638,5.805072556962736e-11,0.011123261500589204,0.0,0.0019467485805754285,0.004267377607524698,-0.0064053183058463995,-0.002392726199554272,-0.0025318815589034866,-0.001874651407970427,-0.006711826974404874
40,21,0.0,0.0,0.0,1.901945710070334,2.086142147183275,1.9133783472380288,4.181631627776257,1.9133783472380288,3.674265647192266,5.805072556962736e-11,0.007082178888955178,0.0,0.0037261633352442523,0.003930598110066045,-0.0036021462563387598,-0.0020264666386989624,0.000309235595721044,-0.001904131471367083,-0.00014140405815367277
40,22,0.0,0.0,0.0,1.9133783472380288,2.079810911531732,1.901945710070334,4.175495704624716,1.901945710070334,3.674337307207817,5.805072556962736e-11,0.013394394652876299,0.0,-0.003249211309728528,0.0071115057382528,-0.002696814402062078,-0.00441827546211475,-0.006018558402151282,-0.0026932302761380486,-0.0069288108343224155
40,23,0.0,0.0,0.0,1.9133783472380288,2.079810911531732,1.901945710070334,4.181631627776257,1.901945710070334,3.67433028434625,5.805072556962736e-11,0.012800309622994919,0.0,-0.0020914428216611356,0.005566836669105561,-0.002520086531004614,-0.005970949920103608,-0.006203291878855897,0.0004041132509980455,-0.006916422929644503
40,24,0.0,0.0,0.0,1.9133783472380288,2.086142147183275,1.901945710070334,4.175495704624716,1.901945710070334,3.674319623978907,5.805072556962736e-11,0.012645795469891525,0.0,-0.004458835205951821,0.005475267179213283,-0.0028847710827153055,-0.0011677980766136968,-0.006036253395721771,-0.004307469102599586,-0.006736473804157307
40,25,0.0,0.0,0.0,1.9133783472380288,2.086142147183275,1.901945710070334,4.181631627776257,1.901945710070334,3.6743027330185196,5.805072556962736e-11,0.011248992762648475,0.0,-0.0033010667178844286,0.003930598110066045,-0.0027080432116578412,-0.0027324243521020457,-0.006222683246012958,-0.0011981737579640002,-0.006725782273065966
40,26,0.0,0.0,0.0,1.9133783472380288,2.086142147183275,1.901945710070334,4.181631627776257,1.9133783472380288,3.674263435956413,5.805072556962736e-11,0.005812451900885204,0.0,-0.001521651963215605,0.0035675780470052383,0.00011902235859561604,-0.002392726199554272,-0.0034055558978442254,-0.0011748518474509666,-0.00015545564252474577
40,27,0.0,0.0,0.0,1.9133783472380288,2.086142147183275,1.9133783472380288,4.181631627776257,1.901945710070334,3.6742690942610956,5.805072556962736e-11,0.006810509831811726,0.0,-0.0015685846883524484,0.004301899751250024,0.00015507043464581632,-0.0027640278407382503,0.00033123208740017124,-0.0015378719105117737,-0.0039086549248972344
40,28,0.0,0.0,0.0,1.9133783472380288,2.079810911531732,1.9133783472380288,4.175495704624716,1.9133783472380288,3.674296721756262,5.805072556962736e-11,0.010164188096120328,0.0,0.0002618537986121091,0.007126489465096733,0.002994454780156749,-0.004087267699866025,0.003369288734555839,-0.0030392217652307073,0.00248873621533163
40,29,0.0,0.0,0.0,1.9133783472380288,2.079810911531732,1.9133783472380288,4.181631627776257,1.9133783472380288,3.674287605019186,5.805072556962736e-11,0.0095598751715849,0.0,0.0014010535753834318,0.005578567514216689,0.0031852277871776574,-0.005646171407284473,0.00317689000979037,6.76038930677845e-05,0.002487110497587069
40,30,0.0,0.0,0.0,1.9133783472380288,2.086142147183275,1.9133783472380288,4.175495704624716,1.9133783472380288,3.6742811656242615,5.805072556962736e-11,0.00892870200129024,0.0,-0.0009283697104549477,0.0054868016390692605,0.0027913629978783654,-0.0008268648048928152,0.0033665147289418094,-0.004659936834176446,0.002689053991995984
40,31,0.0,0.0,0.0,1.901945710070334,2.079810911531732,1.901945710070334,4.1877675509278,1.901945710070334,3.674406286232592,5.8050725569635765e-11,0.018505259747583897,0.0,0.002585836042420257,0.0040031006718950985,-0.008864486219467853,-0.007164851881550895,-0.009240398346121267,0.003161751209655796,-0.009717891981879754
40,32,0.0,0.0,0.0,1.901945710070334,2.079810911531732,1.901945710070334,4.1939034740793435,1.901945710070334,3.674435180743599,5.805072556962736e-11,0.01982893155618486,0.0,0.0037519149980646386,0.002438338084731585,-0.008678037076871755,-0.008694807960086199,-0.00942188038348643,0.006256469875354613,-0.009712924876648817
40,33,0.0,0.0,0.0,1.901945710070334,2.086142147183275,1.901945710070334,4.1877675509278,1.901945710070334,3.6743711289284855,5.8050725569635765e-11,0.016848870382641684,0.0,0.0013762121461969644,0.0023699649019095644,-0.009059486737668562,-0.003941227784256179,-0.009246442055568028,0.0015712628823466145,-0.009528935173125802
40,34,0.0,0.0,0.0,1.901945710070334,2.086142147183275,1.901945710070334,4.1939034740793435,1.901945710070334,3.674390300136613,5.805072556962736e-11,0.01781682152173465,0.0,0.002542291101841346,0.0008052023147460508,-0.008873037595072466,-0.00548283152698572,-0.009429595575402088,0.004677629212239669,-0.009525639550363766
40,35,0.0,0.0,0.0,1.901945710070334,2.079810911531732,1.901945710070334,4.1877675509278,1.9133783472380288,3.6743326830577283,5.8050725569635765e-11,0.013312492213816132,0.0,0.0043466150918332214,0.003663367876294871,-0.006047192797746471,-0.006831132023457817,-0.006451778324889374,0.0031677641471629455,-0.0031648133102447967
40,36,0.0,0.0,0.0,1.901945710070334,2.079810911531732,1.901945710070334,4.1939034740793435,1.9133783472380288,3.6743616325194712,5.805072556962736e-11,0.015237295748496209,0.0,0.00549399204988573,0.0020956309185586356,-0.005846447461164452,-0.008363999142467046,-0.006647031599848795,0.00626836822390841,-0.003160168553238144
40,37,0.0,0.0,0.0,1.901945710070334,2.086142147183275,1.901945710070334,4.1877675509278,1.9133783472380288,3.6742996481778274,5.8050725569635765e-11,0.010900057900426911,0.0,0.0031369911956099284,0.0020302321063093366,-0.006242193315947181,-0.0036044826850718716,-0.00644343404977249,0.0015742505787625346,-0.0029825033121013336
40,38,0.0,0.0,0.0,1.901945710070334,2.086142147183275,1.901945710070334,4.1939034740793435,1.9133783472380288,3.674318855839229,5.805072556962736e-11,0.012510729731358455,0.0,0.004284368153662437,0.00046249514857310157,-0.006041447979365162,-0.005149018671552085,-0.006640534419570272,0.004686523522978983,-0.0029794226112160762
40,39,0.0,0.0,0.0,1.901945710070334,2.079810911531732,1.9133783472380288,4.1877675509278,1.901945710070334,3.6743380443979374,5.8050725569635765e-11,0.013725527846919197,0.0,0.004298917684796001,0.0043504408155903606,-0.006010481518520447,-0.007178472167153079,-0.002704471141801747,0.0028280313515627177,-0.00692927196064786
40,40,0.0,0.0,0.0,1.901945710070334,2.079810911531732,1.9133783472380288,4.1939034740793435,1.901945710070334,3.6743649001709424,5.805072556962736e-11,0.015458833418832973,0.0,0.005464996640440383,0.002785678228426847,-0.00582403237592435,-0.008711339286162308,-0.002879617176092237,0.005925661057735461,-0.006938076093011183
40,41,0.0,0.0,0.0,1.901945710070334,2.086142147183275,1.9133783472380288,4.1877675509278,1.901945710070334,3.6743028202601185,5.8050725569635765e-11,0.011199326814051194,0.0,0.0031086941757289444,0.002714202256550845,-0.006220513542256044,-0.003948720039713151,-0.002710117824311511,0.001234517783162307,-0.006725927167330264
40,42,0.0,0.0,0.0,1.901945710070334,2.086142147183275,1.9133783472380288,4.1939034740793435,1.901945710070334,3.674319934232782,5.805072556962736e-11,0.012600186357486241,0.0,0.004274773131373326,0.001149439669387331,-0.006034064399659947,-0.005493256026193365,-0.0028868279147233967,0.004343816356806034,-0.00673657839453195
40,43,0.0,0.0,0.0,1.901945710070334,2.086142147183275,1.9133783472380288,4.1877675509278,1.9133783472380288,3.674263521527874,5.8050725569635765e-11,0.007436015209951225,0.0,0.004869473225141909,0.0023744694609506172,-0.0034032201205346623,-0.0035857381446161483,0.00011678257015016203,0.001211268683665531,-0.00015560291763966
40,44,0.0,0.0,0.0,1.901945710070334,2.086142147183275,1.9133783472380288,4.1939034740793435,1.9133783472380288,3.674280511951822,5.805072556962736e-11,0.009602947916018137,0.0,0.006016850183194417,0.0008067325032143818,-0.0032024747839526435,-0.005133526721639603,-7.397063972270883e-05,0.004326794218425222,-0.00016656533621538846
40,45,0.0,0.0,0.0,1.9133783472380288,2.079810911531732,1.901945710070334,4.1877675509278,1.901945710070334,3.6743422664792096,5.8050725569635765e-11,0.01339894123742233,0.0,-0.0009294972265076199,0.004010708019990133,-0.0023418323649197193,-0.007512192025246157,-0.006386393645173863,0.003501484005256024,-0.006900598560158372
40,46,0.0,0.0,0.0,1.9133783472380288,2.086142147183275,1.901945710070334,4.1877675509278,1.901945710070334,3.674304919917185,5.8050725569635765e-11,0.01116837880556959,0.0,-0.0021391211227309126,0.0023744694609506172,-0.0025297890455729466,-0.004285465138897459,-0.006407468860155509,0.0019109956779468423,-0.00671164175140442
40,47,0.0,0.0,0.0,1.9133783472380288,2.086142147183275,1.901945710070334,4.1939034740793435,1.901945710070334,3.674326184814051,5.805072556962736e-11,0.012430818041171014,0.0,-0.0009730421670865312,0.0008067325032143818,-0.0023499982542758042,-0.005827068881627001,-0.006590622379989569,0.005020336378412619,-0.006694049934656462
40,48,0.0,0.0,0.0,1.9133783472380288,2.086142147183275,1.901945710070334,4.1877675509278,1.9133783472380288,3.6742657850708387,5.8050725569635765e-11,0.006053356445394529,0.0,-0.00037834207331794833,0.0020081714370451054,0.00031149532819290364,-0.003948720039713151,-0.0036044608543599707,0.0019405486026680466,-0.000141218938335483
40,49,0.0,0.0,0.0,1.9133783472380288,2.086142147183275,1.901945710070334,4.1939034740793435,1.9133783472380288,3.674287250430314,5.805072556962736e-11,0.008440713987665167,0.0,0.00076903488473456,0.00043713110350444075,0.0005056809079211735,-0.005493256026193365,-0.0038015612241577533,0.005056124922688924,-0.00012374344901909865
40,50,0.0,0.0,0.0,1.9133783472380288,2.086142147183275,1.9133783472380288,4.1877675509278,1.901945710070334,3.674269205868563,5.8050725569635765e-11,0.00665262333774447,0.0,-0.00040663909319893244,0.0027457711021345956,0.000333324600730711,-0.00432002168089713,0.0001529958219921464,0.0015742505787625346,-0.003908633745608882
40,51,0.0,0.0,0.0,1.9133783472380288,2.086142147183275,1.9133783472380288,4.1939034740793435,1.901945710070334,3.6742884135299647,5.805072556962736e-11,0.008592661976959076,0.0,0.000759439862445449,0.0011780341443983601,0.0005131153920278534,-0.005864557667377344,-2.371426841973906e-05,0.004686523522978983,-0.003904988778824646
40,52,0.0,0.0,0.0,1.9133783472380288,2.079810911531732,1.9133783472380288,4.1877675509278,1.9133783472380288,3.674297551394019,5.8050725569635765e-11,0.010534375237289026,0.0,0.0025443634652810884,0.004019160904256555,0.0033777007567749448,-0.007193596895849686,0.0029861907008707877,0.003174435991593131,0.002488884158264775
40,53,0.0,0.0,0.0,1.9133783472380288,2.079810911531732,1.9133783472380288,4.1939034740793435,1.9133783472380288,3.6743265618283067,5.805072556962736e-11,0.012731487612052204,0.0,0.003691740423333597,0.0024481205707158906,0.003571886336503215,-0.00872969107885401,0.0027971783292110044,0.0062815705081381195,0.002494057366333261
40,54,0.0,0.0,0.0,1.901945710070334,2.092473382834817,1.901945710070334,4.175495704624716,1.901945710070334,3.6743950314170633,5.805072556962736e-11,0.017970800573270378,0.0,-0.002148795870043868,0.003844320916204882,-0.009620693953012145,0.002423729090784358,-0.008874355811125353,-0.00626805000698924,-0.009331596297030644
40,55,0.0,0.0,0.0,1.901945710070334,2.092473382834817,1.901945710070334,4.181631627776257,1.901945710070334,3.6743661387361604,5.805072556962736e-11,0.016591813798837934,0.0,-0.0009910273819764752,0.002302584332569579,-0.009437521424756951,0.0008469907261773323,-0.009062495130007751,-0.0031495750587469114,-0.009336563087657849
40,56,0.0,0.0,0.0,1.901945710070334,2.0988046184863602,1.901945710070334,4.175495704624716,1.901945710070334,3.6744206568656512,5.805072556962736e-11,0.019217909647079,0.0,-0.0033497115263634004,0.0022361782906921593,-0.00981216688248073,0.005671268424323959,-0.008869950673426455,-0.007907446715016118,-0.00913571822986316
40,57,0.0,0.0,0.0,1.901945710070334,2.0988046184863602,1.901945710070334,4.181631627776257,1.901945710070334,3.6743817427120105,5.805072556962736e-11,0.017411199439071177,0.0,-0.002191943038296008,0.0006944417070568565,-0.009628994354225536,0.004082255359605176,-0.009059812731608606,-0.0047766970666620326,-0.009142407759790118
40,58,0.0,0.0,0.0,1.901945710070334,2.092473382834817,1.901945710070334,4.175495704624716,1.9133783472380288,3.674325765796504,5.805072556962736e-11,0.012262039204562415,0.0,-0.00035081240407897464,0.0035104739042581636,-0.006831470756631837,0.0027694925229570753,-0.006027999480680338,-0.0062799664272152386,-0.0027923594824857956
40,59,0.0,0.0,0.0,1.901945710070334,2.092473382834817,1.901945710070334,4.181631627776257,1.9133783472380288,3.6742968181865576,5.805072556962736e-11,0.010320727777223397,0.0,0.0007883873726923481,0.001965804835110926,-0.006634349375249311,0.0011897580196514987,-0.006230615751888497,-0.0031555628547624247,-0.0027970007501162634
40,60,0.0,0.0,0.0,1.901945710070334,2.0988046184863602,1.901945710070334,4.175495704624716,1.9133783472380288,3.6743535902008926,5.805072556962736e-11,0.014044095120948983,0.0,-0.001551728060398507,0.0019023312787454412,-0.007022943686100422,0.006020146018674523,-0.006008468282066602,-0.007922477297419964,-0.002603584023938163
40,61,0.0,0.0,0.0,1.901945710070334,2.0988046184863602,1.901945710070334,4.181631627776257,1.9133783472380288,3.6743146020785056,5.805072556962736e-11,0.011610956659527332,0.0,-0.0004125282836271843,0.00035766220959820345,-0.0068258223047178955,0.0044281145152564975,-0.006212992648816478,-0.004785776724854702,-0.002609832925349212
40,62,0.0,0.0,0.0,1.901945710070334,2.092473382834817,1.9133783472380288,4.175495704624716,1.901945710070334,3.674330901141643,5.805072556962736e-11,0.012692334410668053,0.0,-0.0003969828988773381,0.004185478342194399,-0.006796562345070337,0.0024283350969675583,-0.0023512957558371093,-0.006613813439161957,-0.0064852399665856295
40,63,0.0,0.0,0.0,1.901945710070334,2.092473382834817,1.9133783472380288,4.181631627776257,1.901945710070334,3.6742998960859103,5.805072556962736e-11,0.010627651187802479,0.0,0.0007607855891900544,0.002643741758559096,-0.006613389816815143,0.0008486005936619818,-0.0025326648945250404,-0.0034923423522210777,-0.006504683709538594
40,64,0.0,0.0,0.0,1.901945710070334,2.0988046184863602,1.9133783472380288,4.175495704624716,1.901945710070334,3.674356575288236,5.805072556962736e-11,0.014264799573552393,0.0,-0.001578637833953411,0.002574278357367089,-0.007002689541462006,0.005682045951999594,-0.0023471827641425727,-0.008256324309366682,-0.006274235838503309
40,65,0.0,0.0,0.0,1.901945710070334,2.0988046184863602,1.9133783472380288,4.181631627776257,1.901945710070334,3.674315529720063,5.805072556962736e-11,0.011694187348168539,0.0,-0.0004208693458860186,0.0010325417737317862,-0.006819517013206812,0.004090014448581568,-0.0025301595366110856,-0.005122556222313355,-0.006295587676997991
40,66,0.0,0.0,0.0,1.901945710070334,2.092473382834817,1.9133783472380288,4.181631627776257,1.9133783472380288,3.6742630887741754,5.805072556962736e-11,0.006349164448725981,0.0,0.002540200343858878,0.002306962261100443,-0.003810217767307503,0.0012182687925584167,0.00032330602800017356,-0.0035252310536588597,5.8970172408951e-05
40,67,0.0,0.0,0.0,1.901945710070334,2.0988046184863602,1.9133783472380288,4.181631627776257,1.9133783472380288,3.6742810737275113,5.805072556962736e-11,0.008073328770772716,0.0,0.0013585454087828048,0.0006957622762731333,-0.004016344963699172,0.004463118714441132,0.00034085508314372974,-0.005158880990714265,0.0002611816944056033
40,68,0.0,0.0,0.0,1.9133783472380288,2.092473382834817,1.901945710070334,4.175495704624716,1.901945710070334,3.6743225197710125,5.805072556962736e-11,0.013240417378393899,0.0,-0.005664129138971745,0.0038516313302476807,-0.0030710748809987995,0.0020825716647948408,-0.006050224203183545,-0.005934202995042522,-0.006542373100650338
40,69,0.0,0.0,0.0,1.9133783472380288,2.092473382834817,1.901945710070334,4.181631627776257,1.901945710070334,3.6742956845358963,5.805072556962736e-11,0.011125496388571767,0.0,-0.004506360650904352,0.002306962261100443,-0.0028943470099413358,0.0005058333001878154,-0.0062383635220659445,-0.0028127955612882584,-0.00653339103815021
40,70,0.0,0.0,0.0,1.9133783472380288,2.0988046184863602,1.901945710070334,4.175495704624716,1.901945710070334,3.674345994961805,5.805072556962736e-11,0.015018576222442166,0.0,-0.006865044795291277,0.002240431345420371,-0.0032557373478518956,0.0053331683576490286,-0.006060473332407731,-0.0075735997030694,-0.006346495033482853
40,71,0.0,0.0,0.0,1.9133783472380288,2.0988046184863602,1.901945710070334,4.181631627776257,1.901945710070334,3.6743091382539506,5.805072556962736e-11,0.012470828204836807,0.0,-0.005707276307223885,0.0006957622762731333,-0.003079009476794432,0.0037441552929302463,-0.006250335390589882,-0.0044399175692033796,-0.006339235710282478
40,72,0.0,0.0,0.0,1.9133783472380288,2.092473382834817,1.901945710070334,4.181631627776257,1.9133783472380288,3.6742585478866596,5.805072556962736e-11,0.005598493396429048,0.0,-0.0027269458962355286,0.0019439421980396356,-6.728143968787812e-05,0.0008486005936619818,-0.0034064841439466888,-0.0027925427917016173,3.006482013719428e-05
40,73,0.0,0.0,0.0,1.9133783472380288,2.0988046184863602,1.901945710070334,4.181631627776257,1.9133783472380288,3.674274181520812,5.805072556962736e-11,0.007970093515135867,0.0,-0.003927861552555061,0.000332742213212326,-0.0002519439065409743,0.004090014448581568,-0.003403515307797754,-0.004422756661793894,0.00021723264490424533
40,74,0.0,0.0,0.0,1.9133783472380288,2.092473382834817,1.9133783472380288,4.181631627776257,1.901945710070334,3.674261866239281,5.805072556962736e-11,0.0062236522555508276,0.0,-0.0027545476797378224,0.0026748422445989485,-4.617728466710731e-05,0.0004807206101634763,0.00031550483074918763,-0.0031555628547624247,-0.0037015116600309546
40,75,0.0,0.0,0.0,1.9133783472380288,2.0988046184863602,1.9133783472380288,4.181631627776257,1.901945710070334,3.6742751814982904,5.805072556962736e-11,0.008108655143456538,0.0,-0.003936202614813896,0.0010602478342441849,-0.0002455951060280382,0.003725528890610517,0.0003032548341553078,-0.004785776724854702,-0.0034924156274903505
40,76,0.0,0.0,0.0,1.9133783472380288,2.092473382834817,1.9133783472380288,4.175495704624716,1.9133783472380288,3.6742862514247534,5.805072556962736e-11,0.00955517470107149,0.0,-0.002114332701840322,0.003859744132418185,0.0025901152785654416,0.0024334529662423266,0.0033674216407060405,-0.0062931970986605116,0.002891208623073139
40,77,0.0,0.0,0.0,1.9133783472380288,2.0988046184863602,1.9133783472380288,4.175495704624716,1.9133783472380288,3.6743119796813133,5.805072556962736e-11,0.011748309689118228,0.0,-0.003295987636916395,0.0022451497220634213,0.0023906974572045106,0.005694021259224739,0.003372009563213663,-0.00793917098128816,0.0030952143669416917
40,78,0.0,0.0,0.0,1.901945710070334,2.092473382834817,1.901945710070334,4.1877675509278,1.901945710070334,3.674356379698174,5.8050725569635765e-11,0.016107961915775636,0.0,0.0001709182131770406,0.0007494089815957251,-0.009252716661166595,-0.0007180067877964917,-0.00924897751910344,-3.140219379923336e-05,-0.00933824071316318
40,79,0.0,0.0,0.0,1.901945710070334,2.092473382834817,1.901945710070334,4.1939034740793435,1.901945710070334,3.674365753367104,5.805072556962736e-11,0.016598389806212106,0.0,0.001336997168821422,-0.0008153536055677886,-0.009066267518570498,-0.002271414053800723,-0.009433815282985945,0.0030867676593685114,-0.00933662933444959
40,80,0.0,0.0,0.0,1.901945710070334,2.0988046184863602,1.901945710070334,4.1877675509278,1.901945710070334,3.674362037033166,5.8050725569635765e-11,0.01640574866718147,0.0,-0.0010299974431424918,-0.0008587336439169974,-0.00944418959063518,0.0025051407753149068,-0.009248004996044414,-0.0016464071313979096,-0.009145795260635572
40,81,0.0,0.0,0.0,1.901945710070334,2.0988046184863602,1.901945710070334,4.1939034740793435,1.901945710070334,3.6743615379326795,5.805072556962736e-11,0.01635053221325365,0.0,0.00013608151250188967,-0.002423496231080511,-0.009257740448039082,0.0009397718702668661,-0.0094345399364115,0.0014837243608136449,-0.009145881058406559
40,82,0.0,0.0,0.0,1.901945710070334,2.092473382834817,1.901945710070334,4.1877675509278,1.9133783472380288,3.6742870405952224,5.8050725569635765e-11,0.009728970193622115,0.0,0.0019316972625900049,0.0004096761859954974,-0.006435423239445214,-0.00037821429202318285,-0.00643139788012452,-3.1461893972314574e-05,-0.0027985684326086034
40,83,0.0,0.0,0.0,1.901945710070334,2.092473382834817,1.901945710070334,4.1939034740793435,1.9133783472380288,3.6742964320848595,5.805072556962736e-11,0.01071378694270249,0.0,0.003079074220642513,-0.001158060771740738,-0.006234677902863195,-0.00193457527802925,-0.00663036051457568,0.0030926360497699878,-0.0027970626553508893
40,84,0.0,0.0,0.0,1.901945710070334,2.0988046184863602,1.901945710070334,4.1877675509278,1.9133783472380288,3.6742948589425937,5.8050725569635765e-11,0.010232631840725885,0.0,0.0007307816062704724,-0.001198466439517225,-0.006626896168913799,0.002848003108600082,-0.006415667545416618,-0.0016495366690828573,-0.0026129973228083696
40,85,0.0,0.0,0.0,1.901945710070334,2.0988046184863602,1.901945710070334,4.1939034740793435,1.9133783472380288,3.6742943588934027,5.805072556962736e-11,0.010340622156437681,0.0,0.0018781585643229807,-0.0027662033972534602,-0.00642615083233178,0.0012796587306215955,-0.006616507829446954,0.0014865446666318647,-0.002613077470098154
40,86,0.0,0.0,0.0,1.901945710070334,2.092473382834817,1.9133783472380288,4.1877675509278,1.901945710070334,3.674288042991562,5.8050725569635765e-11,0.009835894592017374,0.0,0.0019227311843435704,0.0010905664075852419,-0.006428585053224788,-0.0007193717180126998,-0.0027124867431022755,-0.0003711946895725422,-0.0065206610741842625
40,87,0.0,0.0,0.0,1.901945710070334,2.092473382834817,1.9133783472380288,4.1939034740793435,1.901945710070334,3.674295340792461,5.805072556962736e-11,0.010607066997600815,0.0,0.0030888101399879518,-0.00047419617957827166,-0.00624213591062869,-0.002275732704018767,-0.002890771757141704,0.0027499288835970384,-0.006533174566039325
40,88,0.0,0.0,0.0,1.901945710070334,2.0988046184863602,1.9133783472380288,4.1877675509278,1.901945710070334,3.6742937110811384,5.8050725569635765e-11,0.010114784800437709,0.0,0.0007410762492674973,-0.0005206335772420676,-0.006634712249616457,0.0025099030419251525,-0.0027115781001551377,-0.0019892694646830847,-0.006313457810007775
40,89,0.0,0.0,0.0,1.901945710070334,2.0988046184863602,1.9133783472380288,4.1939034740793435,1.901945710070334,3.6742911173432082,5.805072556962736e-11,0.010008159774729675,0.0,0.001907155204911879,-0.002085396164405581,-0.00644826310702036,0.0009415586639466658,-0.0028914490387420646,0.0011438375004589154,-0.006327848951442013
40,90,0.0,0.0,0.0,1.901945710070334,2.092473382834817,1.9133783472380288,4.1877675509278,1.9133783472380288,3.6742510530764765,5.8050725569635765e-11,0.005241642722110764,0.0,0.0036835102337565346,0.0007508336119850143,-0.003611291631503406,-0.0003530074103067418,0.00012908582225696597,-0.00039782620167827255,4.300413275063809e-05
40,91,0.0,0.0,0.0,1.901945710070334,2.092473382834817,1.9133783472380288,4.1939034740793435,1.9133783472380288,3.6742582066540073,5.805072556962736e-11,0.006837413998191217,0.0,0.0048308871918090425,-0.000816903345751221,-0.003410546294921387,-0.0019126468657283309,-6.342151693180058e-05,0.0027295502114795516,3.028758485901396e-05
40,92,0.0,0.0,0.0,1.901945710070334,2.0988046184863602,1.9133783472380288,4.1877675509278,1.9133783472380288,3.6742590514835474,5.8050725569635765e-11,0.005832888932777987,0.0,0.0025018552986804618,-0.0008603663728422952,-0.003817418827895075,0.0028796768282016083,0.00014485405325962488,-0.002019310455359313,0.00024343483060639318
40,93,0.0,0.0,0.0,1.901945710070334,2.0988046184863602,1.9133783472380288,4.1939034740793435,1.9133783472380288,3.674256292682622,5.805072556962736e-11,0.0059424974319559586,0.0,0.00364923225673297,-0.0024281033305785303,-0.003616673491313056,0.0013080277442604977,-4.942088429387641e-05,0.0011200755863180329,0.00022895068435003433
40,94,0.0,0.0,0.0,1.9133783472380288,2.092473382834817,1.901945710070334,4.1877675509278,1.901945710070334,3.6742880010009222,5.8050725569635765e-11,0.010205112378909498,0.0,-0.0033444150557508366,0.0007508336119850143,-0.0027160928438564407,-0.0010591642137860087,-0.006424845911161631,0.0003083306018009943,-0.0065209472914417995
40,95,0.0,0.0,0.0,1.9133783472380288,2.092473382834817,1.901945710070334,4.1939034740793435,1.901945710070334,3.674299468358591,5.805072556962736e-11,0.010790532641428723,0.0,-0.0021783361001064547,-0.000816903345751221,-0.0025363020525592983,-0.00261257147979024,-0.006609683675044138,0.0034294748255414608,-0.006505039718742287
40,96,0.0,0.0,0.0,1.9133783472380288,2.0988046184863602,1.901945710070334,4.1877675509278,1.901945710070334,3.674291508078119,5.8050725569635765e-11,0.01085000829919607,0.0,-0.004545330712070369,-0.0008603663728422952,-0.002900755310709537,0.002167040708639977,-0.006438527655025691,-0.0013066743357976818,-0.00632850183891419
40,97,0.0,0.0,0.0,1.9133783472380288,2.0988046184863602,1.901945710070334,4.1939034740793435,1.901945710070334,3.6742931026663705,5.805072556962736e-11,0.010591424268312617,0.0,-0.003379251756425987,-0.0024281033305785303,-0.002720964519412395,0.0006016718035919363,-0.006625062595392776,0.0018264315269865942,-0.006314291442699256
40,98,0.0,0.0,0.0,1.9133783472380288,2.092473382834817,1.901945710070334,4.1877675509278,1.9133783472380288,3.6742510078022823,5.8050725569635765e-11,0.004039213914968056,0.0,-0.001583636006337872,0.00038453558807950244,0.00012519152990940949,-0.0007193717180126998,-0.0036072662721827126,0.0003348361299331973,4.271594115724706e-05
40,99,0.0,0.0,0.0,1.9133783472380288,2.092473382834817,1.901945710070334,4.1939034740793435,1.9133783472380288,3.674262656989993,5.805072556962736e-11,0.005775550111259117,0.0,-0.0004362590482853638,-0.001186504745461162,0.0003193771096376793,-0.002275732704018767,-0.0038062289066338726,0.003462237449479929,5.861650684608841e-05
40,100,0.0,0.0,0.0,1.9133783472380288,2.0988046184863602,1.901945710070334,4.1877675509278,1.9133783472380288,3.6742566758918587,5.8050725569635765e-11,0.00550136417308195,0.0,-0.0027845516626574043,-0.001226664396747807,-5.94709369436867e-05,0.0025099030419251525,-0.003606190204397894,-0.0012832386451773453,0.00022828705095748092
40,101,0.0,0.0,0.0,1.9133783472380288,2.0988046184863602,1.901945710070334,4.1939034740793435,1.9133783472380288,3.674258433540741,5.805072556962736e-11,0.005423079241937894,0.0,-0.0016371747046048963,-0.002797704730288472,0.00013471464278458313,0.0009415586639466658,-0.0038070304884282296,0.0018561460663418059,0.00024260169209882384
40,102,0.0,0.0,0.0,1.9133783472380288,2.092473382834817,1.9133783472380288,4.1877675509278,1.901945710070334,3.674252088647945,5.8050725569635765e-11,0.004326868817669173,0.0,-0.0015926020845843066,0.0011187135954835198,0.00013207688141778738,-0.0010872517015112053,0.00013568298217195282,-3.1461893972314574e-05,-0.0037033676524628805
40,103,0.0,0.0,0.0,1.9133783472380288,2.092473382834817,1.9133783472380288,4.1939034740793435,1.901945710070334,3.674261480137583,5.805072556962736e-11,0.00554413539338976,0.0,-0.00042652312893992514,-0.00044902336225271546,0.0003118676727149298,-0.0026436126875172723,-4.2602031867475635e-05,0.0030926360497699878,-0.0037015849503320222
40,104,0.0,0.0,0.0,1.9133783472380288,2.0988046184863602,1.9133783472380288,4.1877675509278,1.901945710070334,3.6742554383623784,5.8050725569635765e-11,0.005244876691186174,0.0,-0.0027742570196603797,-0.0004958808148712436,-6.734093994314353e-05,0.002145417483954101,0.00012183627061125578,-0.0016495366690828573,-0.003496164388286393
40,105,0.0,0.0,0.0,1.9133783472380288,2.0988046184863602,1.9133783472380288,4.1939034740793435,1.901945710070334,3.6742549383131875,5.805072556962736e-11,0.004650529620054514,0.0,-0.001608178064015998,-0.0020636177726074787,0.0001124498513539989,0.0005770731059756141,-5.803466797567113e-05,0.0014865446666318647,-0.0034962593357347103
40,106,0.0,0.0,0.0,1.901945710070334,2.086142147183275,1.901945710070334,4.181631627776257,1.9248109844057235,3.6743026699526737,5.805072556962736e-11,0.008189366422704528,0.0,0.003744618831602283,0.003261827055234378,-0.003614303105214983,-0.0017212352309984328,-0.0034036661311714024,-0.001540591824235945,0.0035241782751285586
40,107,0.0,0.0,0.0,1.901945710070334,2.086142147183275,1.9133783472380288,4.181631627776257,1.9248109844057235,3.674301400820052,5.805072556962736e-11,0.01005221811817023,0.0,0.005477100861134263,0.003606064409875658,-0.0007753299098024648,-0.0016724715149466411,0.0031749455145008766,-0.001933592894929017,0.006389631975579568
40,108,0.0,0.0,0.0,1.9133783472380288,2.086142147183275,1.901945710070334,4.181631627776257,1.9248109844057235,3.6742990283995898,5.805072556962736e-11,0.008110527135914496,0.0,0.00022928556267440622,0.003216625743973178,0.002970582027719509,-0.002065472585639713,-0.000564692935758884,-0.0011511531583334649,0.006375486733206103
40,109,0.0,0.0,0.0,1.9133783472380288,2.079810911531732,1.9133783472380288,4.175495704624716,1.9248109844057235,3.674362721288927,5.805072556962736e-11,0.015102380045485819,0.0,0.002031062867620665,0.006778594373397693,0.005831870650837317,-0.0037333709110780842,0.0062345402250600455,-0.0030452234623196085,0.009050727793159324
40,110,0.0,0.0,0.0,1.9133783472380288,2.079810911531732,1.9133783472380288,4.181631627776257,1.9248109844057235,3.6743535865485826,5.805072556962736e-11,0.014831520503014357,0.0,0.003151991101273443,0.005227615211184628,0.00603678745630155,-0.005295352605061147,0.006027830515108002,6.773739387651837e-05,0.009049204421093348
40,111,0.0,0.0,0.0,1.9133783472380288,2.086142147183275,1.9133783472380288,4.175495704624716,1.9248109844057235,3.674349415875313,5.805072556962736e-11,0.014328128436327,0.0,0.0008408393585536085,0.005138906547370221,0.005628778868558933,-0.00046976900420400556,0.006246718382390528,-0.004669137543166215,0.009244118278345351
40,112,0.0,0.0,0.0,1.9133783472380288,2.086142147183275,1.9133783472380288,4.181631627776257,1.9248109844057235,3.674330353886714,5.805072556962736e-11,0.013385377086530795,0.0,0.0019617675922063865,0.0035879273851571565,0.005833695674023166,-0.0020437731561306193,0.006038059160804535,-0.001544154229026537,0.009240940433657113
40,113,0.0,0.0,0.0,1.901945710070334,2.086142147183275,1.901945710070334,4.1877675509278,1.9248109844057235,3.6743027817575333,5.8050725569635765e-11,0.008770817416260731,0.0,0.004869591256573174,0.0017029462199508582,-0.0034011631940609826,-0.0032799810524078293,-0.003616782820826802,0.001577034832456971,0.0035241949013418376
40,114,0.0,0.0,0.0,1.901945710070334,2.086142147183275,1.901945710070334,4.1939034740793435,1.9248109844057235,3.6743220233898803,5.805072556962736e-11,0.010889803993810024,0.0,0.005998565518285891,0.00013243944661159895,-0.003186028195737002,-0.0048272515880249155,-0.0038279213794817782,0.004694812141413316,0.0035270562585019314
40,115,0.0,0.0,0.0,1.901945710070334,2.086142147183275,1.9133783472380288,4.1877675509278,1.9248109844057235,3.674299112273722,5.8050725569635765e-11,0.010460589693616597,0.0,0.006602073286105154,0.0020471835745921384,-0.0005621899986484642,-0.00323482170306526,0.0029681759034238943,0.001187638128473121,0.006375337082221052
40,116,0.0,0.0,0.0,1.901945710070334,2.086142147183275,1.9133783472380288,4.1939034740793435,1.9248109844057235,3.6743159755806936,5.805072556962736e-11,0.012236166706820603,0.0,0.0077310475478178705,0.0004766768012528793,-0.0003470550003244836,-0.004785667239047979,0.0027632809252770394,0.0043089904377951,0.006364061639902203
40,117,0.0,0.0,0.0,1.9133783472380288,2.086142147183275,1.901945710070334,4.1877675509278,1.9248109844057235,3.674301540814171,5.8050725569635765e-11,0.008550836989995602,0.0,0.001354257987645297,0.0016541401962848093,0.003177373640013606,-0.0036242184070491095,-0.0007778096254142837,0.0019700782107643,0.006389816935034097
40,118,0.0,0.0,0.0,1.9133783472380288,2.086142147183275,1.901945710070334,4.1939034740793435,1.9248109844057235,3.6743232052656407,5.805072556962736e-11,0.01059884955203031,0.0,0.0024832322493580136,7.99989270861991e-05,0.0033860550391043836,-0.005171488942666195,-0.0009889481840692595,0.005091490015579996,0.006407168945212772
40,119,0.0,0.0,0.0,1.9133783472380288,2.079810911531732,1.9133783472380288,4.1877675509278,1.9248109844057235,3.67436355256501,5.8050725569635765e-11,0.01560498817543633,0.0,0.004276963526244334,0.0036651296634962593,0.006243579068595647,-0.006845834365532419,0.005822994964680343,0.0031807047020361596,0.009050866422287163
40,120,0.0,0.0,0.0,1.9133783472380288,2.079810911531732,1.9133783472380288,4.1939034740793435,1.9248109844057235,3.6743926202874815,5.805072556962736e-11,0.01728410712019996,0.0,0.005405937787957051,0.002090988394297649,0.006452260467686425,-0.008384963373636341,0.005620018805328059,0.0062939749793386925,0.00905571392974199
40,121,0.0,0.0,0.0,1.9133783472380288,2.086142147183275,1.9133783472380288,4.1877675509278,1.9248109844057235,3.6743304659501055,5.8050725569635765e-11,0.013602198646591407,0.0,0.003086740017177277,0.0020254418374687877,0.006040487286317264,-0.0036061233442492378,0.005831289549727552,0.0015806815067804503,0.00924095911591331
40,122,0.0,0.0,0.0,1.9133783472380288,2.086142147183275,1.9133783472380288,4.1939034740793435,1.9248109844057235,3.6743497520762,5.805072556962736e-11,0.014929057086522543,0.0,0.004215714278889993,0.0004513005682701774,0.006249168685408041,-0.005156968880231957,0.0056263945715806975,0.00470566831196178,0.009244174326613045
40,123,0.0,0.0,0.0,1.901945710070334,2.092473382834817,1.901945710070334,4.181631627776257,1.9248109844057235,3.6743020325261844,5.805072556962736e-11,0.007812925259246789,0.0,0.0025393248985823595,0.0016412711349205384,-0.003807533028713016,0.0015198696929940615,-0.003374904312219444,-0.0031611408279146,0.0037026689196746265
40,124,0.0,0.0,0.0,1.901945710070334,2.0988046184863602,1.901945710070334,4.181631627776257,1.9248109844057235,3.6743219155304736,5.805072556962736e-11,0.009470116136418735,0.0,0.001338409242262827,3.3128509407815936e-05,-0.003999005958181601,0.004761103231757398,-0.0033422429094526326,-0.004794231741165214,0.003882687799520232
40,125,0.0,0.0,0.0,1.901945710070334,2.092473382834817,1.9133783472380288,4.181631627776257,1.9248109844057235,3.6743010937452247,5.805072556962736e-11,0.009594476432965803,0.0,0.004291137869748889,0.0019824285609100554,-0.000983401420771208,0.0015754636551090326,0.0032039739667993157,-0.003557892216019088,0.0065830753089076805
40,126,0.0,0.0,0.0,1.901945710070334,2.0988046184863602,1.9133783472380288,4.181631627776257,1.9248109844057235,3.674321350375052,5.805072556962736e-11,0.01085791553962559,0.0,0.0031094829346728164,0.0003712285760827458,-0.001189528617162877,0.004823537035318737,0.0032366722567440014,-0.005194765611401483,0.006778237984299781
40,127,0.0,0.0,0.0,1.9133783472380288,2.092473382834817,1.901945710070334,4.181631627776257,1.9248109844057235,3.6742962212871495,5.805072556962736e-11,0.007973210139375877,0.0,-0.0009760083703455175,0.0015929898950075754,0.0027842782294360147,0.0011787122670045445,-0.0005507727042776363,-0.00277170216201212,0.006553977377752171
40,128,0.0,0.0,0.0,1.9133783472380288,2.0988046184863602,1.901945710070334,4.181631627776257,1.9248109844057235,3.674313954033643,5.805072556962736e-11,0.009802705530657034,0.0,-0.0021769240266650497,-1.8210089819734258e-05,0.0025996157625829183,0.0044230031650824685,-0.0005327655684339089,-0.004404793075262734,0.006733996257597776
40,129,0.0,0.0,0.0,1.9133783472380288,2.092473382834817,1.9133783472380288,4.175495704624716,1.9248109844057235,3.674356772722786,5.805072556962736e-11,0.014757966946279153,0.0,-0.0003451236328317657,0.003511849040719145,0.00542753114924601,0.0027937714889747734,0.006262768590705295,-0.0063056205296939186,0.009439227732545859
40,130,0.0,0.0,0.0,1.9133783472380288,2.092473382834817,1.9133783472380288,4.181631627776257,1.9248109844057235,3.6743277068598257,5.805072556962736e-11,0.013164526196451351,0.0,0.0007758046008210122,0.001960869878506081,0.005632447954710243,0.0012075836716105269,0.006052143692073544,-0.003168453550116608,0.009434383766985225
40,131,0.0,0.0,0.0,1.9133783472380288,2.0988046184863602,1.9133783472380288,4.175495704624716,1.9248109844057235,3.674384792506003,5.805072556962736e-11,0.01629612532508464,0.0,-0.0015267785679078387,0.001897254630364382,0.005228113327885079,0.006057586520414039,0.006282693598238621,-0.00795484115077842,0.009636068320535374
40,132,0.0,0.0,0.0,1.9133783472380288,2.0988046184863602,1.9133783472380288,4.181631627776257,1.9248109844057235,3.6743456451145082,5.805072556962736e-11,0.01422500829896762,0.0,-0.0004058503342550608,0.00034627546815131735,0.005433030133349312,0.004459051477347685,0.006070086627510395,-0.004805326945499003,0.009629546442377325
40,133,0.0,0.0,0.0,1.901945710070334,2.092473382834817,1.901945710070334,4.1877675509278,1.9248109844057235,3.6742922376513216,5.8050725569635765e-11,0.007276314951616474,0.0,0.00366429732355325,8.239029963701879e-05,-0.0035943931175590155,-5.087279138914827e-05,-0.003590079668926023,-3.151750824787052e-05,0.0037012134403763006
40,134,0.0,0.0,0.0,1.901945710070334,2.092473382834817,1.901945710070334,4.1939034740793435,1.9248109844057235,3.6743016457419886,5.805072556962736e-11,0.008773467985534213,0.0,0.004793271585265967,-0.0014881164737022405,-0.0033792581192350346,-0.0016099863167191553,-0.0038032595984002593,0.003098102790421396,0.003702611445249463
40,135,0.0,0.0,0.0,1.901945710070334,2.0988046184863602,1.901945710070334,4.1877675509278,1.9248109844057235,3.674302137514278,5.8050725569635765e-11,0.007955060938433544,0.0,0.0024633816672337177,-0.0015257523258757036,-0.0037858660470276003,0.0031782032510429257,-0.003559495039751784,-0.001652450925167222,0.003879751088244335
40,136,0.0,0.0,0.0,1.901945710070334,2.0988046184863602,1.901945710070334,4.1939034740793435,1.9248109844057235,3.674301636581644,5.805072556962736e-11,0.00832723446006866,0.0,0.0035923559289464343,-0.003096259099214963,-0.00357073104870362,0.0016070881358412879,-0.003774734190880932,0.0014891709633736753,0.0038796767075038917
40,137,0.0,0.0,0.0,1.901945710070334,2.092473382834817,1.9133783472380288,4.1877675509278,1.9248109844057235,3.6742888756020213,5.8050725569635765e-11,0.009076670551846265,0.0,0.00541611029471978,0.0004235477256265357,-0.0007702615096172075,1.0860706949825424e-06,0.0029952543487985384,-0.0004246337963215183,0.006567125585716927
40,138,0.0,0.0,0.0,1.901945710070334,2.092473382834817,1.9133783472380288,4.1939034740793435,1.9248109844057235,3.6742958826374297,5.805072556962736e-11,0.010245482628405935,0.0,0.006545084556432496,-0.0011469590477127234,-0.0005551265112932269,-0.001561632762839932,0.0027884248214214784,0.0027085918105526556,0.0065542064714623205
40,139,0.0,0.0,0.0,1.901945710070334,2.0988046184863602,1.9133783472380288,4.1877675509278,1.9248109844057235,3.674299125977376,5.8050725569635765e-11,0.00947811964749241,0.0,0.004234455359643707,-0.0011876522592007739,-0.0009763887060088766,0.0032369707751866966,0.0030259864593773804,-0.0020493185159859225,0.006760621778627259
40,140,0.0,0.0,0.0,1.901945710070334,2.0988046184863602,1.9133783472380288,4.1939034740793435,1.9248109844057235,3.6742962010663276,5.805072556962736e-11,0.009714071835988628,0.0,0.005363429621356423,-0.002758159032540033,-0.000761253707684896,0.0016622196048054637,0.002817206429571451,0.0010959394277345695,0.006746047477195538
40,141,0.0,0.0,0.0,1.9133783472380288,2.092473382834817,1.901945710070334,4.1877675509278,1.9248109844057235,3.6742888270220084,5.8050725569635765e-11,0.007277637860223202,0.0,0.0001489640546253732,3.05043473192064e-05,0.002991069841730112,-0.0003920302173786652,-0.0007659480609842154,0.0003615258700594588,0.00656683547406856
40,142,0.0,0.0,0.0,1.9133783472380288,2.092473382834817,1.901945710070334,4.1939034740793435,1.9248109844057235,3.6743006579317985,5.805072556962736e-11,0.008635146304931422,0.0,0.0012779383163380898,-0.0015436369218794037,0.0031997512408208895,-0.0019511437427086724,-0.0009791279904584516,0.0034947806645880763,0.0065827241319603045
40,143,0.0,0.0,0.0,1.9133783472380288,2.0988046184863602,1.901945710070334,4.1877675509278,1.9248109844057235,3.6742965766271696,5.8050725569635765e-11,0.008197316743545445,0.0,-0.001051951601694159,-0.0015806956375081032,0.002806407374877016,0.0028401031843679958,-0.0007500176987330605,-0.0012594075468598928,0.006745373121936594
40,144,0.0,0.0,0.0,1.9133783472380288,2.0988046184863602,1.901945710070334,4.1939034740793435,1.9248109844057235,3.674298498513658,5.805072556962736e-11,0.008416823552330446,0.0,7.702266001855727e-05,-0.0031548369067067135,0.003015088773967793,0.001268988069166358,-0.0009652568498622082,0.0018858488375403553,0.0067597893942147325
40,145,0.0,0.0,0.0,1.9133783472380288,2.092473382834817,1.9133783472380288,4.1877675509278,1.9248109844057235,3.674317889326344,5.8050725569635765e-11,0.012693551527747912,0.0,0.0019007770257919029,0.00039838433081771193,0.005839239567004341,-0.000366793912803523,0.005843424074072767,-3.159041801418894e-05,0.009432747619409187
40,146,0.0,0.0,0.0,1.9133783472380288,2.092473382834817,1.9133783472380288,4.1939034740793435,1.9248109844057235,3.6743273191808754,5.805072556962736e-11,0.013464116776441446,0.0,0.0030297512875046193,-0.0011757569383808982,0.006047920966095117,-0.0019295127463384374,0.005636594546695707,0.003105269684719336,0.009434319158173162
40,147,0.0,0.0,0.0,1.9133783472380288,2.0988046184863602,1.9133783472380288,4.1877675509278,1.9248109844057235,3.6743258213265544,5.8050725569635765e-11,0.013107076696917559,0.0,0.0007191220907158299,-0.0012162100795370515,0.00563982174564341,0.002872485217215645,0.005859400830143774,-0.0016562751376785934,0.009626243812319517
40,148,0.0,0.0,0.0,1.9133783472380288,2.0988046184863602,1.9133783472380288,4.1939034740793435,1.9248109844057235,3.6743253192346286,5.805072556962736e-11,0.013187532172770359,0.0,0.0018480963524285464,-0.002790351348735662,0.005848503144734187,0.001297734046834412,0.005650620800337845,0.0014926173019012498,0.00962616016390638
40,149,0.0,0.0,0.0,1.901945710070334,2.086142147183275,1.9248109844057235,4.181631627776257,1.901945710070334,3.6743129724818626,5.805072556962736e-11,0.009395432346124237,0.0,0.003651504478815806,0.004598857476413138,-0.0035424667001782597,-0.0023969524545281525,0.003957773922574287,-0.0022019050218849857,-0.0038709640123195327
40,150,0.0,0.0,0.0,1.901945710070334,2.086142147183275,1.9248109844057235,4.181631627776257,1.9133783472380288,3.6743064557639373,5.805072556962736e-11,0.01054988073326186,0.0,0.005430919233484629,0.004262077978954485,-0.00073929465067062,-0.0020039513838350804,0.0068232276230252974,-0.0022581265951194043,0.00272430586062616
40,151,0.0,0.0,0.0,1.9133783472380288,2.086142147183275,1.9248109844057235,4.181631627776257,1.901945710070334,3.6743101551519617,5.805072556962736e-11,0.009502221858686967,0.0,0.00013617120988792904,0.004660627239919026,0.003042931212240212,-0.002795501715492694,0.006845370573049371,-0.0018651255244263325,-0.001067791962811893
40,152,0.0,0.0,0.0,1.9133783472380288,2.079810911531732,1.9248109844057235,4.175495704624716,1.9133783472380288,3.6743726151784717,5.805072556962736e-11,0.015799630965433697,0.0,0.0019475197877688844,0.007488451819182974,0.005897556815319054,-0.004095333265164326,0.009900869954371208,-0.003393118554018648,0.005353987705835836
40,153,0.0,0.0,0.0,1.9133783472380288,2.079810911531732,1.9248109844057235,4.181631627776257,1.9133783472380288,3.6743613364122134,5.805072556962736e-11,0.015389878904297393,0.0,0.003086719564540207,0.0059405298683029295,0.006088329822339962,-0.0056573149591473875,0.009715074273295939,-0.0002832149091555419,0.0053380510029047016
40,154,0.0,0.0,0.0,1.9133783472380288,2.086142147183275,1.9248109844057235,4.175495704624716,1.9133783472380288,3.6743570283489166,5.805072556962736e-11,0.014895504665609214,0.0,0.0007763861877854298,0.005845529127738263,0.00567922377547276,-0.0008284964928730078,0.009898274427197913,-0.005017032634865255,0.005569257645444703
40,155,0.0,0.0,0.0,1.9133783472380288,2.086142147183275,1.9248109844057235,4.181631627776257,1.9133783472380288,3.6743358223344025,5.805072556962736e-11,0.01382306153539007,0.0,0.0019155859645567524,0.004297607176858219,0.005869996782493669,-0.002402500644799622,0.00971082427350038,-0.0018951065320585974,0.005551371430879617
40,156,0.0,0.0,0.0,1.901945710070334,2.086142147183275,1.9248109844057235,4.1877675509278,1.901945710070334,3.6743090090352277,5.8050725569635765e-11,0.009472856536532464,0.0,0.0048134500739693215,0.003045682125439284,-0.0033576619365879045,-0.0039556982759375485,0.0037862388949207984,0.0009100161504982646,-0.0038992759383845773
40,157,0.0,0.0,0.0,1.901945710070334,2.086142147183275,1.9248109844057235,4.1939034740793435,1.901945710070334,3.674324140289166,5.805072556962736e-11,0.01108773506084865,0.0,0.005979529029613704,0.0014809195382757706,-0.003171212793991807,-0.005502968811554635,0.0036161219420059025,0.004022049273278865,-0.003923965354443455
40,158,0.0,0.0,0.0,1.901945710070334,2.086142147183275,1.9248109844057235,4.1877675509278,1.9133783472380288,3.674302167469125,5.8050725569635765e-11,0.010752463665006597,0.0,0.006574229123382286,0.0027059493298390567,-0.0005403685148665226,-0.003566301571953699,0.0066373810758000125,0.0008603522421146423,0.0026957904156340723
40,159,0.0,0.0,0.0,1.901945710070334,2.086142147183275,1.9248109844057235,4.1939034740793435,1.9133783472380288,3.6743170140864265,5.805072556962736e-11,0.01232179390856225,0.0,0.0077216060814347945,0.0011382123721028212,-0.00033962317828450386,-0.005117147107936418,0.006453127323406174,0.003978934735833597,0.0026706862287843598
40,160,0.0,0.0,0.0,1.9133783472380288,2.086142147183275,1.9248109844057235,4.1877675509278,1.901945710070334,3.674308267208339,5.8050725569635765e-11,0.009377161888098904,0.0,0.001298116805041445,0.0031044985908035977,0.0032211853783251066,-0.00435424753690209,0.0066738355453958825,0.0012497489460984923,-0.0010819825166631953
40,161,0.0,0.0,0.0,1.9133783472380288,2.086142147183275,1.9248109844057235,4.1939034740793435,1.901945710070334,3.674325492151016,5.805072556962736e-11,0.010833798530107389,0.0,0.0024641957606858266,0.0015367616330673624,0.003400976169622249,-0.005901518072519176,0.006503718592480986,0.0043647564394518135,-0.0010923757387361524
40,162,0.0,0.0,0.0,1.9133783472380288,2.079810911531732,1.9248109844057235,4.1877675509278,1.9133783472380288,3.674369139577395,5.8050725569635765e-11,0.015989957797162294,0.0,0.004230029454437864,0.004381123258342797,0.0062808027919372495,-0.0072077967196186605,0.009530871045008271,0.0028266734612758635,0.00532568842207433
40,163,0.0,0.0,0.0,1.9133783472380288,2.079810911531732,1.9248109844057235,4.1939034740793435,1.9133783472380288,3.674396025489147,5.805072556962736e-11,0.017497214789435625,0.0,0.005377406412490372,0.002810082924802132,0.006474988371665519,-0.008746925727722583,0.009348249589369527,0.005936842802920451,0.005316897842450315
40,164,0.0,0.0,0.0,1.9133783472380288,2.086142147183275,1.9248109844057235,4.1877675509278,1.9133783472380288,3.674333771546549,5.8050725569635765e-11,0.013864243095093286,0.0,0.0030588958544544094,0.002738200566898086,0.006062469752090957,-0.00396485083291824,0.009524977726275096,0.0012266502660201542,0.0055370747893999225
40,165,0.0,0.0,0.0,1.9133783472380288,2.086142147183275,1.9248109844057235,4.1939034740793435,1.9133783472380288,3.674350875861924,5.805072556962736e-11,0.01501077085534448,0.0,0.004206272812506917,0.0011671602333574213,0.0062566553318192265,-0.00551569636890096,0.009340723973881257,0.004348536135543538,0.005526365390981338
40,166,0.0,0.0,0.0,1.901945710070334,2.092473382834817,1.9248109844057235,4.181631627776257,1.901945710070334,3.6743080757783377,5.805072556962736e-11,0.008572852777286187,0.0,0.002484563062377989,0.0029723545516290996,-0.003765476791078693,0.0008500994739345411,0.003957047076538205,-0.0038224540255636405,-0.0036489722698695415
40,167,0.0,0.0,0.0,1.901945710070334,2.0988046184863602,1.9248109844057235,4.181631627776257,1.901945710070334,3.67432373702603,5.805072556962736e-11,0.009666426685236427,0.0,0.0013218606056448062,0.0013583063610405504,-0.003986354106863166,0.004097238577773704,0.003959371758608957,-0.005455544938814254,-0.0034248379376341453
40,168,0.0,0.0,0.0,1.901945710070334,2.092473382834817,1.9248109844057235,4.181631627776257,1.9133783472380288,3.6743040590980254,5.805072556962736e-11,0.009903226913211669,0.0,0.0042639778170468125,0.002635575054170446,-0.0009623047415710528,0.001246850862039029,0.006837453465771259,-0.0038824259162094756,0.002939638111208093
40,169,0.0,0.0,0.0,1.901945710070334,2.0988046184863602,1.9248109844057235,4.181631627776257,1.9133783472380288,3.6743222442290513,5.805072556962736e-11,0.010941232305454065,0.0,0.0031012753603136298,0.0010215268635818974,-0.0011831820573555258,0.004497772448009973,0.006854921943388506,-0.0055192993115918704,0.003156998868005875
40,170,0.0,0.0,0.0,1.9133783472380288,2.092473382834817,1.9248109844057235,4.181631627776257,1.901945710070334,3.674302747076506,5.805072556962736e-11,0.008829013708478712,0.0,-0.0010307702065498877,0.003030358732822268,0.002826634709526394,0.0004553157952827196,0.006829600326009162,-0.0034856745281049875,-0.0008458002203619018
40,171,0.0,0.0,0.0,1.9133783472380288,2.0988046184863602,1.9248109844057235,4.181631627776257,1.901945710070334,3.674315920691758,5.805072556962736e-11,0.010021358853746809,0.0,-0.0021934726632830705,0.0014125768827708063,0.0026123579478957827,0.003706188558584795,0.006817071343433726,-0.005118765441355601,-0.0006216658881265054
40,172,0.0,0.0,0.0,1.9133783472380288,2.092473382834817,1.9248109844057235,4.175495704624716,1.9133783472380288,3.674362124185435,5.805072556962736e-11,0.01514779683038112,0.0,-0.0003905552286523871,0.0042152606206415045,0.005462927272758942,0.0024382550007514543,0.009899122989812145,-0.006653515621392958,0.005786555573072392
40,173,0.0,0.0,0.0,1.9133783472380288,2.092473382834817,1.9248109844057235,4.181631627776257,1.9133783472380288,3.67433091429656,5.805072556962736e-11,0.013427242043555686,0.0,0.0007486445481189357,0.0026673386697614607,0.005653700279779851,0.0008520671833872075,0.009710006715242216,-0.0035194058531486682,0.005766703681461551
40,174,0.0,0.0,0.0,1.9133783472380288,2.0988046184863602,1.9248109844057235,4.175495704624716,1.9133783472380288,3.674387903212555,5.805072556962736e-11,0.016502778189381093,0.0,-0.0015532576853855699,0.002597478770590043,0.005248650511128331,0.005705257471887418,0.009903415715380616,-0.00830273624247746,0.00600589840196665
40,175,0.0,0.0,0.0,1.9133783472380288,2.0988046184863602,1.9248109844057235,4.181631627776257,1.9133783472380288,3.6743466117951455,5.805072556962736e-11,0.014298838086608534,0.0,-0.00041405790861424717,0.001049556819709999,0.00543942351814924,0.004106722428821064,0.009712621528213275,-0.0051562792485310635,0.005984064438259332
40,176,0.0,0.0,0.0,1.901945710070334,2.092473382834817,1.9248109844057235,4.1877675509278,1.901945710070334,3.6742942056519805,5.8050725569635765e-11,0.007549576711011448,0.0,0.003646508657531505,0.0014191792006552455,-0.0035806720274883376,-0.0007206430104486687,0.003784039943373111,-0.0006985361902065768,-0.0036793428629857657
40,177,0.0,0.0,0.0,1.901945710070334,2.092473382834817,1.9248109844057235,4.1939034740793435,1.901945710070334,3.6742995033642387,5.805072556962736e-11,0.00851864738006827,0.0,0.004812587613175887,-0.00014558338650826817,-0.00339422288489224,-0.0022797565357786757,0.0036124596381712833,0.002425339922286944,-0.0037060736498639043
40,178,0.0,0.0,0.0,1.901945710070334,2.0988046184863602,1.9248109844057235,4.1877675509278,1.901945710070334,3.6742998837583403,5.8050725569635765e-11,0.007657613622565781,0.0,0.0024838062007983223,-0.00019486898993330344,-0.0038015493432728103,0.002514338597059232,0.003784883393466292,-0.0023194696071259283,-0.0034572853043429415
40,179,0.0,0.0,0.0,1.901945710070334,2.0988046184863602,1.9248109844057235,4.1939034740793435,1.901945710070334,3.6742952724472975,5.805072556962736e-11,0.007499409925429091,0.0,0.0036498851564427037,-0.0017596315770968172,-0.003615100200676713,0.0009432234818575938,0.003611830702650859,0.0008164080952392233,-0.003486075312875992
40,180,0.0,0.0,0.0,1.901945710070334,2.092473382834817,1.9248109844057235,4.1877675509278,1.9133783472380288,3.67428984120634,5.8050725569635765e-11,0.009183927106071481,0.0,0.005407287706944469,0.001079446405055018,-0.0007633786057669555,-0.00032752672237502093,0.0066499520887137375,-0.0007519196826799969,0.0029091726592922105
40,181,0.0,0.0,0.0,1.901945710070334,2.092473382834817,1.9248109844057235,4.1939034740793435,1.9133783472380288,3.674294831552078,5.805072556962736e-11,0.010140994707965192,0.0,0.006554664664996978,-0.0004882905526812175,-0.0005626332691849367,-0.0018902455559099355,0.006464054664384141,0.0023785361085911527,0.0028821339232122933
40,182,0.0,0.0,0.0,1.901945710070334,2.0988046184863602,1.9248109844057235,4.1877675509278,1.9133783472380288,3.6742980200828934,5.8050725569635765e-11,0.00935893319835439,0.0,0.004244585250211286,-0.000534601785533531,-0.0009842559215514286,0.0029112061878779323,0.006665754083849216,-0.0023766044023444013,0.0031245672367241485
40,183,0.0,0.0,0.0,1.901945710070334,2.0988046184863602,1.9248109844057235,4.1939034740793435,1.9133783472380288,3.6742930784821746,5.805072556962736e-11,0.009382396327061065,0.0,0.005391962208263794,-0.0021023387432697665,-0.0007835105849694098,0.0013364550174966995,0.006478201472342506,0.0007658837257730669,0.003095577998215362
40,184,0.0,0.0,0.0,1.9133783472380288,2.092473382834817,1.9248109844057235,4.1877675509278,1.901945710070334,3.6742909524531613,5.8050725569635765e-11,0.0075925092838925795,0.0,0.0001311753886036281,0.0014742300837068394,0.0030048888756112886,-0.0011154266891004903,0.0066565931928440686,-0.00035880339460634916,-0.0008620494412643836
40,185,0.0,0.0,0.0,1.9133783472380288,2.092473382834817,1.9248109844057235,4.1939034740793435,1.901945710070334,3.674298343854158,5.805072556962736e-11,0.008334816223012902,0.0,0.0012972543442480095,-9.350687402939595e-05,0.003184679666908431,-0.0026745402144304972,0.006485012887642241,0.0027680470884598935,-0.0008744840341566011
40,186,0.0,0.0,0.0,1.9133783472380288,2.0988046184863602,1.9248109844057235,4.1877675509278,1.901945710070334,3.6742941429270806,5.8050725569635765e-11,0.007863420479265271,0.0,-0.0010315270681295547,-0.0001435517663446222,0.0027906121139806774,0.002123288577870323,0.00664258297829106,-0.0019797368115257005,-0.0006399918826215597
40,187,0.0,0.0,0.0,1.9133783472380288,2.0988046184863602,1.9248109844057235,4.1939034740793435,1.901945710070334,3.674291625304776,5.805072556962736e-11,0.007463345370392557,0.0,0.00013455188751482683,-0.0017112887240808576,0.0029704029052778197,0.0005521734626686849,0.006469530287475628,0.0011591152614121726,-0.0006544856971686886
40,188,0.0,0.0,0.0,1.9133783472380288,2.092473382834817,1.9248109844057235,4.1877675509278,1.9133783472380288,3.674318933911833,5.8050725569635765e-11,0.012782841901953949,0.0,0.0018919544380165923,0.0011079320598013274,0.005846173249377139,-0.0007223104010268425,0.009522505338184696,-0.000385621658774485,0.005750457033058061
40,189,0.0,0.0,0.0,1.9133783472380288,2.092473382834817,1.9248109844057235,4.1939034740793435,1.9133783472380288,3.6743261819556445,5.805072556962736e-11,0.013371847445292576,0.0,0.003039331396069101,-0.00046310827373933713,0.0060403588291054085,-0.002285029234561757,0.0093366079138551,0.0027481375083010942,0.005737813085409271
40,190,0.0,0.0,0.0,1.9133783472380288,2.0988046184863602,1.9248109844057235,4.1877675509278,1.9133783472380288,3.674324625155946,5.8050725569635765e-11,0.01300730899829227,0.0,0.0007292519812834096,-0.0005098497902501341,0.005631896487746528,0.0025201561686890236,0.009523453668673984,-0.0020103063784388895,0.005965851610489999
40,191,0.0,0.0,0.0,1.9133783472380288,2.0988046184863602,1.9248109844057235,4.1939034740793435,1.9133783472380288,3.6743219412533006,5.805072556962736e-11,0.012905607291398155,0.0,0.0018766289393359178,-0.0020808901237907985,0.005826082067474797,0.0009454049983077907,0.009335901057167273,0.001135485125483008,0.005951257160412339
40,192,0.0,0.0,0.0,1.9133783472380288,2.086142147183275,1.9248109844057235,4.181631627776257,1.9248109844057235,3.6744369413989495,5.805072556962736e-11,0.02046615847283095,0.0,0.003666523490446764,0.003946654873826158,0.008721556451617561,-0.0020215698416088633,0.012601742720450889,-0.0019250850322172952,0.01213185888060762
40,193,0.0,0.0,0.0,1.9133783472380288,2.086142147183275,1.9248109844057235,4.1877675509278,1.9248109844057235,3.6744347265683297,5.8050725569635765e-11,0.020574354179386956,0.0,0.004791495915417655,0.0023841693261377897,0.00892834806391166,-0.0035873277374884396,0.01240147728957704,0.00120315841135065,0.012117458679215256
40,194,0.0,0.0,0.0,1.9133783472380288,2.086142147183275,1.9248109844057235,4.1939034740793435,1.9248109844057235,3.674451706629764,5.805072556962736e-11,0.021444569053995357,0.0,0.005920470177130371,0.0008100280569391796,0.009137029463002436,-0.005141554936811995,0.012202980676429796,0.004331526879872815,0.012106431029161584
40,195,0.0,0.0,0.0,1.9133783472380288,2.092473382834817,1.9248109844057235,4.181631627776257,1.9248109844057235,3.674434456327332,5.805072556962736e-11,0.02023742081275729,0.0,0.0024995820740089467,0.0023163863667294005,0.008505259948903743,0.0012365418354221762,0.012615990016774915,-0.0035529282021515766,0.012340367068517924
40,196,0.0,0.0,0.0,1.9133783472380288,2.0988046184863602,1.9248109844057235,4.181631627776257,1.9248109844057235,3.6744525993190624,5.805072556962736e-11,0.02086447973574083,0.0,0.0013368796172757642,0.0006986045166779387,0.008290983187273133,0.004494769418202577,0.012633862216393382,-0.005193373934880516,0.012550787130557432
40,197,0.0,0.0,0.0,1.901945710070334,2.092473382834817,1.9248109844057235,4.1939034740793435,1.9248109844057235,3.6743652548454344,5.805072556962736e-11,0.01606932849284734,0.0,0.008268862029620431,-0.0008183462546427201,0.0022927865144432235,-0.0015126143929224426,0.00934101047035773,0.0023309606475651625,0.009431162277435911
40,198,0.0,0.0,0.0,1.901945710070334,2.0988046184863602,1.9248109844057235,4.1877675509278,1.9248109844057235,3.6743711779047104,5.8050725569635765e-11,0.015549364421519732,0.0,0.005977185311174532,-0.0008618876718920097,0.0018567742003347699,0.003295790615189908,0.009572205169299455,-0.002433902943297898,0.0096670728640775
40,199,0.0,0.0,0.0,1.9133783472380288,2.092473382834817,1.9248109844057235,4.1877675509278,1.9248109844057235,3.6744222902388075,5.8050725569635765e-11,0.019896759048015873,0.0,0.003624554498979838,0.0007539008190410315,0.008712051561197842,-0.00034127069556270435,0.012413885669118165,-0.00041263012347832705,0.012324127950342656
40,200,0.0,0.0,0.0,1.9133783472380288,2.092473382834817,1.9248109844057235,4.1939034740793435,1.9248109844057235,3.6744293925336766,5.805072556962736e-11,0.02036332772199595,0.0,0.004753528760692554,-0.0008202404501575787,0.008920732960288618,-0.0019073980715742641,0.01221356371982869,0.0027276385217318427,0.012311274964146753
40,201,0.0,0.0,0.0,1.9133783472380288,2.0988046184863602,1.9248109844057235,4.1877675509278,1.9248109844057235,3.674430405141389,5.8050725569635765e-11,0.020079660897262867,0.0,0.002461852042246655,-0.0008638810310104302,0.00849777479956723,0.002904740596000999,0.012429904754124223,-0.0020408595649905686,0.012532694897769758
40,202,0.0,0.0,0.0,1.9133783472380288,2.0988046184863602,1.9248109844057235,4.1939034740793435,1.9248109844057235,3.674427553823449,5.805072556962736e-11,0.020096108354411515,0.0,0.003590826303959371,-0.00243802230020904,0.008706456198658008,0.001326553632797816,0.012227743452883407,0.0011114686674112244,0.012518002559622512
40,203,0.0,0.0,0.0,1.9248109844057235,2.086142147183275,1.901945710070334,4.181631627776257,1.901945710070334,3.6743089450694444,5.805072556962736e-11,0.010592245289926257,0.0,-0.006760141630254134,0.003937544278764097,0.0037882358031134425,-0.0030639042209904847,-0.0033598316403448177,-0.0008736400577736128,-0.0038989659265296715
40,204,0.0,0.0,0.0,1.9248109844057235,2.086142147183275,1.901945710070334,4.181631627776257,1.9133783472380288,3.6743021070682005,5.805072556962736e-11,0.009856158261672564,0.0,-0.004980726875585311,0.0035481056128616175,0.006639544261190987,-0.002724206068442711,-0.0005427042921760855,-0.0008238995444189062,0.002696104026599147
40,205,0.0,0.0,0.0,1.9248109844057235,2.086142147183275,1.9133783472380288,4.181631627776257,1.901945710070334,3.6743081788766876,5.805072556962736e-11,0.010554739752237008,0.0,-0.005027659600722155,0.004336093539728639,0.006675832453588527,-0.0031227553294072524,0.0032190928649945666,-0.0012133382103213864,-0.0010818385783609391
40,206,0.0,0.0,0.0,1.9248109844057235,2.079810911531732,1.9133783472380288,4.175495704624716,1.9133783472380288,3.674368402822744,5.805072556962736e-11,0.015714617079112043,0.0,-0.003197221113757597,0.007140556727483934,0.0095388546150161,-0.0044492300539522665,0.0062723907697181435,-0.002691326673531668,0.005326152086012198
40,207,0.0,0.0,0.0,1.9248109844057235,2.079810911531732,1.9133783472380288,4.181631627776257,1.9133783472380288,3.6743614301115817,5.805072556962736e-11,0.015223619456680179,0.0,-0.002058021336986274,0.005589577565270869,0.009723126924025393,-0.0060081337613707144,0.006079992044952674,0.0004185561960998448,0.005338670166710962
40,208,0.0,0.0,0.0,1.9248109844057235,2.086142147183275,1.9133783472380288,4.175495704624716,1.9133783472380288,3.674350565274803,5.805072556962736e-11,0.015047300729178394,0.0,-0.004387444622824654,0.005497634036039223,0.009342868602656778,-0.0011855922935618175,0.006254375506536205,-0.004312041742477406,0.005526469862676552
40,209,0.0,0.0,0.0,1.9248109844057235,2.086142147183275,1.9133783472380288,4.181631627776257,1.9133783472380288,3.6743336848745196,5.805072556962736e-11,0.013903068176965289,0.0,-0.003248244846053331,0.003946654873826158,0.00952714091166607,-0.0027564957685519433,0.006060210019619097,-0.0011901591052742154,0.005537221181223678
40,210,0.0,0.0,0.0,1.9248109844057235,2.086142147183275,1.901945710070334,4.1877675509278,1.901945710070334,3.6743131317165916,5.8050725569635765e-11,0.010322295614960099,0.0,-0.005598196035100619,0.002378663443480578,0.003959787456980211,-0.0046169450077858986,-0.0035446172544873695,0.0022382815643053207,-0.0038706116295182226
40,211,0.0,0.0,0.0,1.9248109844057235,2.086142147183275,1.901945710070334,4.1939034740793435,1.901945710070334,3.674336413303128,5.805072556962736e-11,0.011513570532346555,0.0,-0.004432117079456237,0.0008081566701413186,0.004132765767055201,-0.00615854875051544,-0.00372777077432143,0.005350392080374121,-0.0038386301510283023
40,212,0.0,0.0,0.0,1.9248109844057235,2.086142147183275,1.901945710070334,4.1877675509278,1.9133783472380288,3.674306619033872,5.8050725569635765e-11,0.009839391839709982,0.0,-0.0038374169856876545,0.0019856200651732483,0.00682540949067247,-0.004280199908601591,-0.0007416092486918309,0.0022945798434283425,0.0027246593734852197
40,213,0.0,0.0,0.0,1.9248109844057235,2.086142147183275,1.901945710070334,4.1939034740793435,1.9133783472380288,3.6743302662040667,5.805072556962736e-11,0.011326834663368847,0.0,-0.0026900400276351462,0.0004114787959746384,0.007012878453766041,-0.005824735895081805,-0.0009387096184896136,0.005413257099107166,0.002756630682164111
40,214,0.0,0.0,0.0,1.9248109844057235,2.086142147183275,1.9133783472380288,4.1877675509278,1.901945710070334,3.6743102902326363,5.8050725569635765e-11,0.010268225035036374,0.0,-0.0038657140055686386,0.0027772127044451192,0.006847384107455294,-0.004678749169566132,0.003040856599586542,0.0019015364651210132,-0.0010676036237226838
40,215,0.0,0.0,0.0,1.9248109844057235,2.086142147183275,1.9133783472380288,4.1939034740793435,1.901945710070334,3.674331514583709,5.805072556962736e-11,0.01145556339232967,0.0,-0.002699635049924257,0.0012067059311058597,0.007020362417530284,-0.006223285156046345,0.0028641465091746566,0.005016579224940486,-0.001049568995196486
40,216,0.0,0.0,0.0,1.9248109844057235,2.079810911531732,1.9133783472380288,4.1877675509278,1.9133783472380288,3.6743735393376604,5.8050725569635765e-11,0.0157523363117534,0.0,-0.0009147114470886176,0.004027092017582501,0.009908992153506876,-0.007555559249935928,0.005889292736033092,0.0035284672323534273,0.005354762470085477
40,217,0.0,0.0,0.0,1.9248109844057235,2.079810911531732,1.9133783472380288,4.1939034740793435,1.9133783472380288,3.674404731582668,5.805072556962736e-11,0.017208075817057557,0.0,0.0002326655109638907,0.0024529507483838906,0.010096461116600449,-0.009091653432940251,0.005700280364373309,0.006638702684556361,0.005374431497516471
40,218,0.0,0.0,0.0,1.9248109844057235,2.086142147183275,1.9133783472380288,4.1877675509278,1.9133783472380288,3.6743359595683316,5.8050725569635765e-11,0.01385874484370707,0.0,-0.0021049349561556743,0.0023841693261377897,0.009713006141147553,-0.004315767274469129,0.005867756994048215,0.001931597948331339,0.005551559767946893
40,219,0.0,0.0,0.0,1.9248109844057235,2.086142147183275,1.9133783472380288,4.1939034740793435,1.9133783472380288,3.674357389501072,5.805072556962736e-11,0.014925128760814761,0.0,-0.0009575579981031661,0.0008100280569391796,0.009900475104241125,-0.005863555851492584,0.005677003784175344,0.005053527794553404,0.005569487957164799
40,220,0.0,0.0,0.0,1.9248109844057235,2.092473382834817,1.901945710070334,4.181631627776257,1.901945710070334,3.6742998069957364,5.805072556962736e-11,0.010642875257315306,0.0,-0.007965435563274057,0.0023110413539800586,0.003609018312531292,0.0001772205071178119,-0.0033904504963294937,-0.002488261861097871,-0.003706574691613915
40,221,0.0,0.0,0.0,1.9248109844057235,2.0988046184863602,1.901945710070334,4.181631627776257,1.901945710070334,3.67431118921499,5.805072556962736e-11,0.012203184679041324,0.0,-0.009166351219593591,0.0006969931633915099,0.0034313241147564386,0.003418390705621482,-0.0034171724842462356,-0.004115383869012992,-0.0035124193637461835
40,222,0.0,0.0,0.0,1.9248109844057235,2.092473382834817,1.901945710070334,4.181631627776257,1.9133783472380288,3.6742951294073634,5.805072556962736e-11,0.00992686985593662,0.0,-0.006186020808605235,0.0019216026880775788,0.006460326770608836,0.0005199878005919783,-0.0005585711182102385,-0.002441590488669557,0.002881624489261087
40,223,0.0,0.0,0.0,1.9248109844057235,2.0988046184863602,1.901945710070334,4.181631627776257,1.9133783472380288,3.674308691542714,5.805072556962736e-11,0.011602794837176186,0.0,-0.007386936464924767,0.0003075544974890299,0.006282632572833983,0.0037642498612728043,-0.0005703524014541076,-0.004071804358761834,0.003068792314028138
40,224,0.0,0.0,0.0,1.9248109844057235,2.092473382834817,1.9133783472380288,4.181631627776257,1.901945710070334,3.6742986898439187,5.805072556962736e-11,0.010339353120557036,0.0,-0.006213622592107529,0.0027058250326318805,0.00648157156200225,0.00012520412194015677,0.003188316824942689,-0.002831029154572037,-0.0008746953134946594
40,225,0.0,0.0,0.0,1.9248109844057235,2.0988046184863602,1.9133783472380288,4.181631627776257,1.901945710070334,3.67430976434683,5.805072556962736e-11,0.011710815982643213,0.0,-0.007395277527183602,0.0010880431825804188,0.0062890236995812076,0.003373199842083895,0.0031612078880791285,-0.004461243024664314,-0.0006655992809540554
40,226,0.0,0.0,0.0,1.9248109844057235,2.092473382834817,1.9133783472380288,4.175495704624716,1.9133783472380288,3.6743533900643404,5.805072556962736e-11,0.01552863490423012,0.0,-0.005573407614210028,0.0038673655289424647,0.0091486077110705,0.002077936478019007,0.006240233634899542,-0.005945302006961472,0.005728624493753707
40,227,0.0,0.0,0.0,1.9248109844057235,2.092473382834817,1.9133783472380288,4.181631627776257,1.9133783472380288,3.6743265254934134,5.805072556962736e-11,0.013774323356182132,0.0,-0.004434207837438705,0.0023163863667294005,0.009332880020079794,0.0004948723208365917,0.006044287747467903,-0.002811258687565992,0.005737595411786301
40,228,0.0,0.0,0.0,1.9248109844057235,2.0988046184863602,1.9133783472380288,4.175495704624716,1.9133783472380288,3.6743768775648027,5.805072556962736e-11,0.01706083778243794,0.0,-0.006755062549286101,0.002249583678891003,0.008956059848649459,0.005341692210698118,0.006229962617137484,-0.007591275889589122,0.00593263023762226
40,229,0.0,0.0,0.0,1.9248109844057235,2.0988046184863602,1.9133783472380288,4.181631627776257,1.9133783472380288,3.674339951315508,5.805072556962736e-11,0.014867167075399168,0.0,-0.005615862772514778,0.0006986045166779387,0.009140332157658752,0.0037463041079434595,0.0060322225078339444,-0.004444908624621398,0.0059398069337829535
40,230,0.0,0.0,0.0,1.9248109844057235,2.092473382834817,1.901945710070334,4.1877675509278,1.901945710070334,3.6742941232092443,5.8050725569635765e-11,0.009476924767319744,0.0,-0.006803489968120542,0.0007521605186965393,0.00378056996639806,-0.001387777006856012,-0.0035769328854251808,0.0006356164881594729,-0.003679917169555601
40,231,0.0,0.0,0.0,1.9248109844057235,2.092473382834817,1.901945710070334,4.1939034740793435,1.901945710070334,3.674307607256584,5.805072556962736e-11,0.009916446757453026,0.0,-0.005637411012476161,-0.0008183462546427201,0.00395354827647305,-0.0029411842728602434,-0.0037617706493076873,0.0037595305275029633,-0.003649619935114127
40,232,0.0,0.0,0.0,1.9248109844057235,2.0988046184863602,1.901945710070334,4.1877675509278,1.901945710070334,3.67429555878764,5.8050725569635765e-11,0.010358797565434338,0.0,-0.008004405624440075,-0.0008618876718920097,0.003602875768623207,0.001841276121331213,-0.0036053647486820445,-0.0009793884494392032,-0.003487471717027992
40,233,0.0,0.0,0.0,1.9248109844057235,2.0988046184863602,1.901945710070334,4.1939034740793435,1.901945710070334,3.674299170065562,5.805072556962736e-11,0.009899756903900502,0.0,-0.006838326668795694,-0.002432394445231269,0.0037758540786981968,0.00027590721628317213,-0.00379189968904913,0.002156487228948097,-0.0034588716590710964
40,234,0.0,0.0,0.0,1.9248109844057235,2.092473382834817,1.901945710070334,4.1877675509278,1.9133783472380288,3.6742897521742313,5.8050725569635765e-11,0.008963208928919305,0.0,-0.0050427109187075785,0.0003591171403892099,0.006646192000090319,-0.0010479845110827031,-0.0007593532464462621,0.0006888673706934934,0.00290859425297795
40,235,0.0,0.0,0.0,1.9248109844057235,2.092473382834817,1.901945710070334,4.1939034740793435,1.9133783472380288,3.6743035831726623,5.805072556962736e-11,0.009709534878860535,0.0,-0.00389533396065507,-0.0012150241288094003,0.00683366096318389,-0.0026043454970887704,-0.0009583158808974222,0.003819369625898171,0.0029389906380292985
40,236,0.0,0.0,0.0,1.9248109844057235,2.0988046184863602,1.901945710070334,4.1877675509278,1.9133783472380288,3.6742933487650062,5.8050725569635765e-11,0.009909818679108616,0.0,-0.0062436265750271105,-0.001254931050199339,0.006468497802315466,0.0021841384546163883,-0.0007730272980542475,-0.0009292074044170493,0.0030941653627781836
40,237,0.0,0.0,0.0,1.9248109844057235,2.0988046184863602,1.901945710070334,4.1939034740793435,1.9133783472380288,3.6742972882246083,5.805072556962736e-11,0.009708578830810605,0.0,-0.005096249616974602,-0.0028290723193979492,0.0066559667654090375,0.0006157940766379017,-0.0009738675820845834,0.0022132782427600477,0.0031229758232820337
40,238,0.0,0.0,0.0,1.9248109844057235,2.092473382834817,1.9133783472380288,4.1877675509278,1.901945710070334,3.674290912001064,5.8050725569635765e-11,0.009113875680639882,0.0,-0.005051676996954013,0.0011469441973483607,0.0066531232158690175,-0.0014427681897345248,0.003008494976365454,0.00029582399238616404,-0.0008623375305766823
40,239,0.0,0.0,0.0,1.9248109844057235,2.092473382834817,1.9133783472380288,4.1939034740793435,1.901945710070334,3.674302320180373,5.805072556962736e-11,0.009555554300889408,0.0,-0.0038855980413096316,-0.0004235625759908985,0.006826101525944007,-0.002999129175740592,0.0028302099623260255,0.0034226917517314907,-0.0008461651667038618
40,240,0.0,0.0,0.0,1.9248109844057235,2.0988046184863602,1.9133783472380288,4.1877675509278,1.901945710070334,3.6742920209593994,5.8050725569635765e-11,0.009751256717108428,0.0,-0.006233331932030086,-0.00047083765270310087,0.006460575353447975,0.0017930884354274794,0.002979789324535077,-0.0013222507827243787,-0.0006551342664001948
40,241,0.0,0.0,0.0,1.9248109844057235,2.0988046184863602,1.9133783472380288,4.1939034740793435,1.901945710070334,3.674293537599879,5.805072556962736e-11,0.00924385953426975,0.0,-0.0050672529763857044,-0.00204134442604236,0.006633553663522965,0.00022474405744899278,0.00279991838594815,0.0018166003685933674,-0.00064083955210655
40,242,0.0,0.0,0.0,1.9248109844057235,2.092473382834817,1.9133783472380288,4.1877675509278,1.9133783472380288,3.6743188901539177,5.8050725569635765e-11,0.013059680283087153,0.0,-0.0032908979475410488,0.0007539008190410315,0.009518745249561276,-0.0010764038820285668,0.005850067541724695,0.00032250306298753535,0.005750166818337191
40,243,0.0,0.0,0.0,1.9248109844057235,2.092473382834817,1.9133783472380288,4.1939034740793435,1.9133783472380288,3.6743304832402424,5.805072556962736e-11,0.013551065184595708,0.0,-0.00214352098948854,-0.0008202404501575787,0.009706214212654848,-0.0026360433374501557,0.005657560202535929,0.0034562837876077348,0.005766340878239202
40,244,0.0,0.0,0.0,1.9248109844057235,2.0988046184863602,1.9133783472380288,4.1877675509278,1.9133783472380288,3.674322329429747,5.8050725569635765e-11,0.01354859381968114,0.0,-0.004472552882617121,-0.0008638810310104302,0.009326197387140234,0.0021628622217039354,0.005836221477949839,-0.0012989811906935053,0.005950597516192946
40,245,0.0,0.0,0.0,1.9248109844057235,2.0988046184863602,1.9133783472380288,4.1939034740793435,1.9133783472380288,3.6743240101376156,5.805072556962736e-11,0.013367260952228694,0.0,-0.0033251759245646133,-0.00243802230020904,0.009513666350233806,0.0005912131377628246,0.005641946540396338,0.0018468091624462158,0.005965003977730222
40,246,0.0,0.0,0.0,1.9248109844057235,2.086142147183275,1.9133783472380288,4.181631627776257,1.9248109844057235,3.674434641583956,5.805072556962736e-11,0.020061809595553773,0.0,-0.0014973073201633197,0.003569092095962046,0.012403807999612722,-0.002402500644799622,0.008925919938398929,-0.0011665914511624243,0.012117607521603764
40,247,0.0,0.0,0.0,1.9248109844057235,2.086142147183275,1.9133783472380288,4.1877675509278,1.9248109844057235,3.6744370807857867,5.8050725569635765e-11,0.020144301933992345,0.0,-0.00037233489519242907,0.002003198534022257,0.012604094184117383,-0.00396485083291824,0.008719150327321947,0.0019616522988959834,0.01213204715888314
40,248,0.0,0.0,0.0,1.9248109844057235,2.086142147183275,1.9133783472380288,4.1939034740793435,1.9248109844057235,3.674458715042438,5.805072556962736e-11,0.02100463983928185,0.0,0.0007566393665202875,0.0004256228535511069,0.012806162500156648,-0.00551569636890096,0.008514255349175092,0.005090073515349853,0.012149861722528568
40,249,0.0,0.0,0.0,1.9248109844057235,2.092473382834817,1.9133783472380288,4.181631627776257,1.9248109844057235,3.674429733546113,5.805072556962736e-11,0.019994096978830898,0.0,-0.002683270311548694,0.0019388235888652876,0.012209547108026445,0.0008520671833872075,0.008924955686267045,-0.0027908907722524953,0.012311050854931876
40,250,0.0,0.0,0.0,1.9248109844057235,2.0988046184863602,1.9133783472380288,4.181631627776257,1.9248109844057235,3.6744454310446986,5.805072556962736e-11,0.020785440093484545,0.0,-0.003864925246624767,0.000321041738813826,0.012016999245605403,0.004106722428821064,0.008928039681434215,-0.00442776416763489,0.012506213530323976
40,251,0.0,0.0,0.0,1.9248109844057235,2.092473382834817,1.9133783472380288,4.1877675509278,1.9248109844057235,3.6744222431510707,5.8050725569635765e-11,0.019623068746988027,0.0,-0.0015582978865778033,0.00037293002692549834,0.012409833292531106,-0.0007223104010268425,0.008716236068266268,0.00034938037410134413,0.012323835662379016
40,252,0.0,0.0,0.0,1.9248109844057235,2.092473382834817,1.9133783472380288,4.1939034740793435,1.9248109844057235,3.6744340211361592,5.805072556962736e-11,0.020069392192348594,0.0,-0.00042932362486508677,-0.0012046456535456515,0.012611901608570371,-0.002285029234561757,0.008509406540889207,0.0034896748881074083,0.012340006554088685
40,253,0.0,0.0,0.0,1.9248109844057235,2.0988046184863602,1.9133783472380288,4.1877675509278,1.9248109844057235,3.6744279343951836,5.8050725569635765e-11,0.019974296098013364,0.0,-0.0027399528216538764,-0.0012448518231259632,0.012217285430110063,0.0025201561686890236,0.008717353884067594,-0.0012753043455630603,0.012517331855289346
40,254,0.0,0.0,0.0,1.9248109844057235,2.0988046184863602,1.9133783472380288,4.1939034740793435,1.9248109844057235,3.6744297804338153,5.805072556962736e-11,0.01996651528930054,0.0,-0.0016109785599411597,-0.002822427503597113,0.012419353746149329,0.0009454049983077907,0.008508573854261665,0.0018770225052893224,0.012531847559821903
40,255,0.0,0.0,0.0,1.9248109844057235,2.086142147183275,1.9248109844057235,4.1877675509278,1.9133783472380288,3.6744406386010806,5.8050725569635765e-11,0.020347118873182347,0.0,-0.000400179057915297,0.002770342204426804,0.012626233637894514,-0.004351023711207254,0.012438205223022056,0.0015806815067804503,0.008402953101220625
40,256,0.0,0.0,0.0,1.9248109844057235,2.092473382834817,1.9248109844057235,4.181631627776257,1.9133783472380288,3.6744331848246556,5.805072556962736e-11,0.020192196238827526,0.0,-0.0027104303642507704,0.00269900187354213,0.012230951273499047,0.00046945167657447794,0.01260807796866147,-0.003168453550116608,0.008618263350585444
40,257,0.0,0.0,0.0,1.9248109844057235,2.0988046184863602,1.9248109844057235,4.181631627776257,1.9133783472380288,3.6744464710808655,5.805072556962736e-11,0.020843048992063237,0.0,-0.0038731328209839536,0.0010776909363112489,0.012023438319102483,0.003727636009187754,0.012595727689657006,-0.004805326945499003,0.008835624107383224
40,258,0.0,0.0,0.0,1.9248109844057235,2.092473382834817,1.9248109844057235,4.1939034740793435,1.901945710070334,3.674372171759543,5.805072556962736e-11,0.014496396018316376,0.0,-0.0021618205681216964,-4.094706917816897e-05,0.00972417277936326,-0.003057155721243227,0.009383084141061494,0.003098102790421396,0.001980935749471559
40,259,0.0,0.0,0.0,1.9248109844057235,2.092473382834817,1.9248109844057235,4.1877675509278,1.9133783472380288,3.6744233672911744,5.8050725569635765e-11,0.019689049872159674,0.0,-0.0015671204743531138,0.001136516325853761,0.01241681650298053,-0.001104925907839572,0.012420576591603947,-3.159041801418894e-05,0.008616335344878764
40,260,0.0,0.0,0.0,1.9248109844057235,2.092473382834817,1.9248109844057235,4.1939034740793435,1.9133783472380288,3.6744327971457054,5.805072556962736e-11,0.019998881614435235,0.0,-0.00041974351630060555,-0.0004376249433448492,0.012604285466074101,-0.0026676447413744864,0.01223467916727435,0.003105269684719336,0.008618187216592481
40,261,0.0,0.0,0.0,1.9248109844057235,2.0988046184863602,1.9248109844057235,4.1877675509278,1.9133783472380288,3.6744266472929112,5.8050725569635765e-11,0.01989984068862644,0.0,-0.0027298229310862964,-0.0004847946113771201,0.012209303548583966,0.0021410697490557135,0.012406559830117717,-0.0016562751376785934,0.008831729922310702
40,262,0.0,0.0,0.0,1.9248109844057235,2.0988046184863602,1.9248109844057235,4.1939034740793435,1.9133783472380288,3.674426145200986,5.805072556962736e-11,0.019755348459235572,0.0,-0.0015824459730337883,-0.00205893588057573,0.01239677251167754,0.0005663185786744805,0.012219007218611007,0.0014926173019012498,0.00883163129159555
40,263,0.0,0.0,0.0,1.901945710070334,2.086142147183275,1.901945710070334,4.200039397230885,1.901945710070334,3.6744285329897792,5.805072556962736e-11,0.019559485709021815,0.0,0.003712459515762644,-0.0007712980687603445,-0.008684931772096255,-0.007013144616654059,-0.009611128987275517,0.007784442685414404,-0.009519067139260984
40,264,0.0,0.0,0.0,1.901945710070334,2.086142147183275,1.901945710070334,4.200039397230885,1.9133783472380288,3.6743571613903354,5.805072556962736e-11,0.015031214573823457,0.0,0.005435768981775492,-0.001117000941166205,-0.0058388687968532445,-0.006682243451750203,-0.006835844450937498,0.007799244392916408,-0.002973278864376493
40,265,0.0,0.0,0.0,1.901945710070334,2.086142147183275,1.9133783472380288,4.200039397230885,1.901945710070334,3.674356127779319,5.805072556962736e-11,0.01495948854204436,0.0,0.005444941545294625,-0.0004270607141190643,-0.005845958576683736,-0.007026480806391483,-0.003062022037475571,0.007453541520510547,-0.006743782602922965
40,266,0.0,0.0,0.0,1.9133783472380288,2.086142147183275,1.901945710070334,4.200039397230885,1.901945710070334,3.6743665296717865,5.805072556962736e-11,0.014695595431526381,0.0,0.00019712624683476714,-0.0007727635865249246,-0.002168660384684047,-0.007357381971295339,-0.006772155791862999,0.008130145557820264,-0.006673004164017974
40,267,0.0,0.0,0.0,1.9133783472380288,2.086142147183275,1.9133783472380288,4.200039397230885,1.9133783472380288,3.6743198874040424,5.805072556962736e-11,0.01230217878548411,0.0,0.0036529177423795956,-0.0007743924766255282,0.003564705555886167,-0.007041280989271099,0.002600077128702085,0.007815673465896626,0.0026959589497640613
40,268,0.0,0.0,0.0,1.901945710070334,2.092473382834817,1.901945710070334,4.200039397230885,1.901945710070334,3.67439426064199,5.805072556962736e-11,0.01798453875774943,0.0,0.0025071655827427204,-0.002391853989074184,-0.008878161695594288,-0.0038133795824388302,-0.009617020568480576,0.006205233571513014,-0.009331728796968012
40,269,0.0,0.0,0.0,1.901945710070334,2.0988046184863602,1.901945710070334,4.200039397230885,1.901945710070334,3.6743802453625194,5.805072556962736e-11,0.017255499792400247,0.0,0.001306249926423188,-0.003999996614586906,-0.009069634625062873,-0.0006140020254152945,-0.00961942986234103,0.004613998640002201,-0.009142665161359882
40,270,0.0,0.0,0.0,1.901945710070334,2.0988046184863602,1.901945710070334,4.206175320382428,1.901945710070334,3.67441816112305,5.8050725569635765e-11,0.01898491343666429,0.0,0.002480463742442678,-0.005588387483904007,-0.008879859660402351,-0.00215632948835054,-0.009802686925645848,0.007744716972254547,-0.009136147260004175
40,271,0.0,0.0,0.0,1.901945710070334,2.092473382834817,1.901945710070334,4.200039397230885,1.9133783472380288,3.6743249935560818,5.805072556962736e-11,0.012920856184241731,0.0,0.004230475048755568,-0.0027375568614800443,-0.006032098720351277,-0.0034794737088401496,-0.006827518105572639,0.006217030570320194,-0.0027924832979064596
40,272,0.0,0.0,0.0,1.901945710070334,2.0988046184863602,1.901945710070334,4.200039397230885,1.9133783472380288,3.674313101882817,5.805072556962736e-11,0.011895665026204493,0.0,0.003029559392436036,-0.004345699486992767,-0.006223571649819862,-0.0002770695519640688,-0.006815528156474465,0.004622769038956836,-0.002610073373646213
40,273,0.0,0.0,0.0,1.901945710070334,2.0988046184863602,1.901945710070334,4.206175320382428,1.9133783472380288,3.674351089714349,5.8050725569635765e-11,0.01443891061307225,0.0,0.004184940741019901,-0.005937107664917604,-0.006019143774373444,-0.001822330575754111,-0.007012742983113265,0.007759438240671715,-0.0026039847925264695
40,274,0.0,0.0,0.0,1.901945710070334,2.092473382834817,1.9133783472380288,4.200039397230885,1.901945710070334,3.674321790259114,5.805072556962736e-11,0.012660004485880212,0.0,0.00425897855390925,-0.002050696563084667,-0.00605403008765248,-0.0038206311348296666,-0.0030675302692890313,0.005871327697914334,-0.006542226334060073
40,275,0.0,0.0,0.0,1.901945710070334,2.092473382834817,1.9133783472380288,4.206175320382428,1.901945710070334,3.674367393998877,5.8050725569635765e-11,0.015494792393109738,0.0,0.00543319236992874,-0.0036390874324017677,-0.005864255122991958,-0.005354213722752282,-0.0032427724907234984,0.00899330115515405,-0.006547818171415615
40,276,0.0,0.0,0.0,1.901945710070334,2.0988046184863602,1.9133783472380288,4.200039397230885,1.901945710070334,3.674307748328054,5.805072556962736e-11,0.011416838157440249,0.0,0.0030773236188331773,-0.0036618965479119766,-0.006260157284044149,-0.0006151696186389987,-0.0030697828118818812,0.004277066166550975,-0.006338763455493314
40,277,0.0,0.0,0.0,1.901945710070334,2.0988046184863602,1.9133783472380288,4.206175320382428,1.901945710070334,3.674343605707455,5.8050725569635765e-11,0.013888537516189845,0.0,0.0042515374348526674,-0.005250287417229077,-0.006070382319383627,-0.002160430642429041,-0.00324658975611072,0.007410718059658118,-0.006346203317471593
40,278,0.0,0.0,0.0,1.9133783472380288,2.092473382834817,1.901945710070334,4.200039397230885,1.901945710070334,3.674330087638046,5.805072556962736e-11,0.012676242987135966,0.0,-0.0010081676861851566,-0.0023963994354905273,-0.002354964182967541,-0.004154537008428347,-0.006792888960538769,0.006550936443918875,-0.006485665821725
40,279,0.0,0.0,0.0,1.9133783472380288,2.0988046184863602,1.901945710070334,4.200039397230885,1.901945710070334,3.67431392210078,5.805072556962736e-11,0.01178636482411621,0.0,-0.002209083342504689,-0.004007599420317837,-0.002539626649820637,-0.0009521020920902244,-0.0068099525213223076,0.004959701512408062,-0.00629660218611687
40,280,0.0,0.0,0.0,1.9133783472380288,2.0988046184863602,1.901945710070334,4.206175320382428,1.901945710070334,3.674353968313441,5.8050725569635765e-11,0.01407074786917745,0.0,-0.0010348695264851989,-0.005599007598242674,-0.002356731124472055,-0.00249442955502547,-0.006993209584627125,0.008093437153268143,-0.00627543137397527
40,281,0.0,0.0,0.0,1.9133783472380288,2.092473382834817,1.9133783472380288,4.200039397230885,1.901945710070334,3.6742900416088053,5.805072556962736e-11,0.008649623593424973,0.0,0.0007436452849813732,-0.002028519451992022,0.0004932055423066872,-0.004188511118328172,-0.00021936054401480327,0.006217030570320194,-0.0036961633588170626
40,282,0.0,0.0,0.0,1.9133783472380288,2.0988046184863602,1.9133783472380288,4.200039397230885,1.901945710070334,3.674273681302602,5.805072556962736e-11,0.0069379382261498075,0.0,-0.00043800965009469986,-0.0036431138623467855,0.0002937877209457563,-0.0009796551766100502,-0.00023636844111548784,0.004622769038956836,-0.0034927004802503036
40,283,0.0,0.0,0.0,1.9133783472380288,2.092473382834817,1.9133783472380288,4.200039397230885,1.9133783472380288,3.6742854775573703,5.805072556962736e-11,0.009577357639881158,0.0,0.002466954750994221,-0.0024014499832766037,0.0033634578365732432,-0.003828678663625167,0.002593941084867875,0.006230128646901771,0.0028910706252427746
40,284,0.0,0.0,0.0,1.9133783472380288,2.0988046184863602,1.9133783472380288,4.200039397230885,1.9133783472380288,3.6742714060493253,5.805072556962736e-11,0.008116838545884466,0.0,0.0012852998159181483,-0.004016044393631367,0.0031640400152123122,-0.000616465369709333,0.002591431820848132,0.0046325097633407005,0.003087979182583963
40,285,0.0,0.0,0.0,1.9133783472380288,2.0988046184863602,1.9133783472380288,4.206175320382428,1.9133783472380288,3.6743094739259217,5.8050725569635765e-11,0.011367910817515694,0.0,0.0024406811645020132,-0.00561080780476865,0.003361689417174683,-0.002164980570466438,0.002400570771118151,0.007775788375235087,0.0030947675348163522
40,286,0.0,0.0,0.0,1.9133783472380288,2.086142147183275,1.9133783472380288,4.200039397230885,1.9248109844057235,3.674388214108263,5.805072556962736e-11,0.017110780528987714,0.0,0.005348647872101353,-0.0011346478617558686,0.006459755057124084,-0.0066964570103600395,0.005423359451512167,0.007831104872115907,0.0092505863237548
40,287,0.0,0.0,0.0,1.9133783472380288,2.092473382834817,1.9133783472380288,4.200039397230885,1.9248109844057235,3.6743559973277073,5.805072556962736e-11,0.015290732497348969,0.0,0.004162684880715978,-0.0027617053684069444,0.006258507337811161,-0.0034807222070207355,0.005431640125859917,0.0062424275754276795,0.009439098509723258
40,288,0.0,0.0,0.0,1.9133783472380288,2.0988046184863602,1.9133783472380288,4.200039397230885,1.9248109844057235,3.6743441387904188,5.805072556962736e-11,0.01444728369201307,0.0,0.0029810299456399054,-0.004376299778761708,0.00605908951645023,-0.00026535358346477375,0.005443731341478979,0.004641653362226481,0.009629295490389291
40,289,0.0,0.0,0.0,1.9133783472380288,2.0988046184863602,1.9133783472380288,4.206175320382428,1.9248109844057235,3.674382281804803,5.8050725569635765e-11,0.016621491132968003,0.0,0.0041178802160411155,-0.005974208950440593,0.006271596255641694,-0.0018169271181021631,0.005238717462977846,0.007791136068542756,0.009635650044725361
40,290,0.0,0.0,0.0,1.9133783472380288,2.086142147183275,1.9248109844057235,4.200039397230885,1.9133783472380288,3.6743871369879733,5.805072556962736e-11,0.017042130841691976,0.0,0.005357673640619973,-0.00041566498795652594,0.0064525663334805625,-0.007055184499029041,0.009158052332147759,0.007470849486985567,0.005519241272574142
40,291,0.0,0.0,0.0,1.9133783472380288,2.092473382834817,1.9248109844057235,4.200039397230885,1.901945710070334,3.67432492207251,5.805072556962736e-11,0.010651491269387643,0.0,0.0024674227581693076,-0.0016730029637687025,0.0033660175365001887,-0.004222173746274996,0.006314850925823055,0.0058951767100436986,-0.0008831061203275342
40,292,0.0,0.0,0.0,1.9133783472380288,2.0988046184863602,1.9248109844057235,4.200039397230885,1.901945710070334,3.6743083676678894,5.805072556962736e-11,0.009058660371258924,0.0,0.001304720301436125,-0.003290784813820164,0.0031517407748695775,-0.001007307917512012,0.006297904696128894,0.004298092731332176,-0.0006651497009374172
40,293,0.0,0.0,0.0,1.9133783472380288,2.092473382834817,1.9248109844057235,4.200039397230885,1.9133783472380288,3.674352659196463,5.805072556962736e-11,0.015051221957278807,0.0,0.0041907322241821554,-0.002045933495053284,0.0062362698307667445,-0.003836238695244055,0.009152303626529941,0.005882172190297339,0.005728769666234816
40,294,0.0,0.0,0.0,1.9133783472380288,2.092473382834817,1.9248109844057235,4.206175320382428,1.9133783472380288,3.674398368247042,5.8050725569635765e-11,0.017511294771119148,0.0,0.005346113572766021,-0.0036406969061905667,0.006433919232729115,-0.005376086094530334,0.008969581788003994,0.009016783000720901,0.005723324972644817
40,295,0.0,0.0,0.0,1.9133783472380288,2.0988046184863602,1.9248109844057235,4.200039397230885,1.9133783472380288,3.6743385599030773,5.805072556962736e-11,0.014020578508138141,0.0,0.003028029767448973,-0.003663715345104746,0.006021993069136133,-0.0006176826319913951,0.00914995274477493,0.004281397977096141,0.0059402787032148095
40,296,0.0,0.0,0.0,1.9133783472380288,2.0988046184863602,1.9248109844057235,4.206175320382428,1.9133783472380288,3.6743744827786333,5.8050725569635765e-11,0.016102633803199963,0.0,0.004183411116032838,-0.005258478756242028,0.006219642471098504,-0.002169256166628784,0.008965597911689058,0.007427734922870813,0.005932914226676047
40,297,0.0,0.0,0.0,1.9248109844057235,2.086142147183275,1.9133783472380288,4.200039397230885,1.9133783472380288,3.674397976648477,5.805072556962736e-11,0.016894425089718074,0.0,0.00019384283000988922,-0.0007759203730868666,0.01008955874311638,-0.007400008477940101,0.005487937906296481,0.008175928851026967,0.0055910084510019786
40,298,0.0,0.0,0.0,1.9248109844057235,2.092473382834817,1.9133783472380288,4.200039397230885,1.9133783472380288,3.6743613057908506,5.805072556962736e-11,0.015132620163611174,0.0,-0.000992120161375485,-0.002406188880183625,0.009895297851530104,-0.004184195151848486,0.005466753079061376,0.006590384032032111,0.005786120126480692
40,299,0.0,0.0,0.0,1.9248109844057235,2.0988046184863602,1.9133783472380288,4.200039397230885,1.9133783472380288,3.6743449935267076,5.805072556962736e-11,0.014367313254617873,0.0,-0.002173775096451558,-0.004023970730235086,0.00970274998910906,-0.0009687944182359545,0.005449384874771953,0.004992765148471041,0.005983028683821881
40,300,0.0,0.0,0.0,1.9248109844057235,2.0988046184863602,1.9133783472380288,4.206175320382428,1.9133783472380288,3.674385281542131,5.8050725569635765e-11,0.016334461693460464,0.0,-0.001018393747867693,-0.005621879901913971,0.009893459376531005,-0.002517309618993059,0.005258523825041972,0.00813918952090703,0.006004674373283364
40,301,0.0,0.0,0.0,1.901945710070334,2.1051358541379024,1.901945710070334,4.181631627776257,1.901945710070334,3.674417831061543,5.805072556962736e-11,0.019116281130248765,0.0,-0.003388432279918094,-0.0009014517873880076,-0.009818723710369752,0.007317938891317537,-0.00905360897098109,-0.006416487103929528,-0.008946474643018388
40,302,0.0,0.0,0.0,1.901945710070334,2.1051358541379024,1.901945710070334,4.181631627776257,1.9133783472380288,3.6743528899921434,5.805072556962736e-11,0.014058716378285097,0.0,-0.0016090175252492706,-0.0012382312848466606,-0.0070155516608621125,0.007666912923539898,-0.006191656886261647,-0.0064286816386932375,-0.0024210061134780805
40,303,0.0,0.0,0.0,1.901945710070334,2.1051358541379024,1.9133783472380288,4.181631627776257,1.901945710070334,3.67435168666208,5.805072556962736e-11,0.013968851619614562,0.0,-0.001598168858710407,-0.0005663867978388635,-0.007023715866214598,0.007331847933990754,-0.002524365270990102,-0.0067654611361518905,-0.006084522558298944
40,304,0.0,0.0,0.0,1.9133783472380288,2.1051358541379024,1.901945710070334,4.181631627776257,1.901945710070334,3.674343095631863,5.805072556962736e-11,0.014891347608555226,0.0,-0.006903765548845971,-0.0009031662952975166,-0.0032620420230445794,0.006982873901768392,-0.006258601126825938,-0.006079707606470875,-0.006143302593510748
40,305,0.0,0.0,0.0,1.9133783472380288,2.1051358541379024,1.9133783472380288,4.181631627776257,1.9133783472380288,3.674309142540225,5.805072556962736e-11,0.011578410265157848,0.0,-0.0033340873729694608,-0.0009050683652247193,0.0023838685632386826,0.007347298082762967,0.0031807306305997847,-0.006442229717538247,0.003292310342335459
40,306,0.0,0.0,0.0,1.901945710070334,2.1051358541379024,1.901945710070334,4.1877675509278,1.901945710070334,3.674388101512065,5.8050725569635765e-11,0.01768907040920915,0.0,-0.002226486684764578,-0.0024546271383618615,-0.009633918946779396,0.005728544552855615,-0.009243524386926473,-0.0032739174144937534,-0.008951585295373415
40,307,0.0,0.0,0.0,1.901945710070334,2.1051358541379024,1.901945710070334,4.1939034740793435,1.901945710070334,3.6743776534036185,5.805072556962736e-11,0.017114454164672596,0.0,-0.0010604077291201967,-0.004019389725525375,-0.0094474698041833,0.004151053594065866,-0.009431769609549872,-0.00013166386854049098,-0.008953381375400716
40,308,0.0,0.0,0.0,1.901945710070334,2.1114670897894454,1.901945710070334,4.1877675509278,1.901945710070334,3.67443457580072,5.8050725569635765e-11,0.019766563152719,0.0,-0.003418501551123062,-0.004038433318314647,-0.009821917972914812,0.008952534261366923,-0.009235535233477046,-0.004914100943052275,-0.008755597115788572
40,309,0.0,0.0,0.0,1.901945710070334,2.1114670897894454,1.901945710070334,4.1939034740793435,1.901945710070334,3.674414101422756,5.805072556962736e-11,0.018766459363279336,0.0,-0.0022524225954786807,-0.005603195905478161,-0.009635468830318714,0.007362758492076237,-0.009425504019989567,-0.0017595625865980758,-0.008759116759704996
40,310,0.0,0.0,0.0,1.901945710070334,2.1051358541379024,1.901945710070334,4.1877675509278,1.9133783472380288,3.6743231039415387,5.8050725569635765e-11,0.012204378953796596,0.0,-0.0004657076353516139,-0.0027943599339620893,-0.006816625525058015,0.006074499453887165,-0.006396240369740592,-0.003280139519925076,-0.0024257784944001753
40,311,0.0,0.0,0.0,1.901945710070334,2.1051358541379024,1.901945710070334,4.1939034740793435,1.9133783472380288,3.674312635976367,5.805072556962736e-11,0.011528875354147573,0.0,0.0006816693227008943,-0.004362096891698324,-0.006615880188475996,0.004494010988793256,-0.006598973906786267,-0.00013191409709493218,-0.002427455702226827
40,312,0.0,0.0,0.0,1.901945710070334,2.1114670897894454,1.901945710070334,4.1939034740793435,1.9133783472380288,3.674351265119637,5.805072556962736e-11,0.013882574329371608,0.0,-0.0005103455436575897,-0.00594590307165111,-0.006803879214611412,0.007708809160398308,-0.006577755886285564,-0.0017629060887471974,-0.0022401858591103306
40,313,0.0,0.0,0.0,1.901945710070334,2.1051358541379024,1.9133783472380288,4.1877675509278,1.901945710070334,3.6743198251084626,5.8050725569635765e-11,0.011920175653492782,0.0,-0.0004362232635568911,-0.0021195621488127175,-0.006838911102624243,0.005739434464338021,-0.0027073918179970915,-0.003619872315525304,-0.006104301278187533
40,314,0.0,0.0,0.0,1.901945710070334,2.1051358541379024,1.9133783472380288,4.1939034740793435,1.901945710070334,3.6743072634545526,5.805072556962736e-11,0.011031380938407546,0.0,0.0007298556920874904,-0.003684324735976231,-0.006652461960028146,0.004158945999244113,-0.0028888598171208854,-0.0004746212632678815,-0.0061205856726371105
40,315,0.0,0.0,0.0,1.901945710070334,2.1114670897894454,1.9133783472380288,4.1877675509278,1.901945710070334,3.6743663877440462,5.8050725569635765e-11,0.014699590638811467,0.0,-0.0016091201627724092,-0.003706381407001435,-0.007041197359983181,0.00896955284233229,-0.002699927539686244,-0.0052631714353308535,-0.005893175153121015
40,316,0.0,0.0,0.0,1.901945710070334,2.1114670897894454,1.9133783472380288,4.1939034740793435,1.901945710070334,3.674343780772202,5.805072556962736e-11,0.013306951667920373,0.0,-0.00044304120712802765,-0.005271143994164949,-0.006854748217387084,0.007376757249085096,-0.0028830038720870444,-0.0021056132549201467,-0.0059113686260009925
40,317,0.0,0.0,0.0,1.901945710070334,2.1051358541379024,1.9133783472380288,4.1877675509278,1.9133783472380288,3.6742875175012446,5.8050725569635765e-11,0.008655227562847674,0.0,0.0013245557858560732,-0.0024592949444129453,-0.004021617680902861,0.006112645169748282,0.00016408993350010365,-0.0036533502253353373,0.00044570325709701976
40,318,0.0,0.0,0.0,1.901945710070334,2.1051358541379024,1.9133783472380288,4.1939034740793435,1.9133783472380288,3.6742747697774556,5.805072556962736e-11,0.00760749616040269,0.0,0.0024719327439085815,-0.00402703190214918,-0.0038208723443208426,0.0045288253990143,-3.1966251994882974e-05,-0.0005017934968651193,0.0004294378628991756
40,319,0.0,0.0,0.0,1.9133783472380288,2.1051358541379024,1.901945710070334,4.1877675509278,1.901945710070334,3.6743154415853967,5.8050725569635765e-11,0.012862283588930566,0.0,-0.005741819953692455,-0.0024592949444129453,-0.003083787856959685,0.0053934795633064705,-0.006448516542771321,-0.0029341846188935257,-0.006134291873652033
40,320,0.0,0.0,0.0,1.9133783472380288,2.1051358541379024,1.901945710070334,4.1939034740793435,1.901945710070334,3.6743070871656887,5.805072556962736e-11,0.011904488227658269,0.0,-0.004575740998048074,-0.00402703190214918,-0.0029039970656625424,0.003815988604516722,-0.006636761765394718,0.00021104329763245832,-0.006121791759693412
40,321,0.0,0.0,0.0,1.9133783472380288,2.1114670897894454,1.901945710070334,4.1877675509278,1.901945710070334,3.6743598040484313,5.8050725569635765e-11,0.01572502115731383,0.0,-0.006933834820050939,-0.004046114202601663,-0.00326520175504234,0.00862048235005371,-0.006454814620545415,-0.004574368147452048,-0.00593830369406719
40,322,0.0,0.0,0.0,1.9133783472380288,2.1114670897894454,1.901945710070334,4.1939034740793435,1.901945710070334,3.674341423359206,5.805072556962736e-11,0.014318838369565353,0.0,-0.005767755864406558,-0.005613851160337898,-0.0030854109637451976,0.007030706580763025,-0.006644783407057937,-0.0014168554204251264,-0.005927527143997692
40,323,0.0,0.0,0.0,1.9133783472380288,2.1051358541379024,1.901945710070334,4.1877675509278,1.9133783472380288,3.674282789919183,5.8050725569635765e-11,0.008858022991446614,0.0,-0.003981040904279491,-0.002825592968318457,-0.00024250348319383453,0.005739434464338021,-0.0036012325255854387,-0.0029138414960195643,0.0004155058793656749
40,324,0.0,0.0,0.0,1.9133783472380288,2.1051358541379024,1.9133783472380288,4.1877675509278,1.901945710070334,3.6742792554202413,5.8050725569635765e-11,0.008401772792434217,0.0,-0.003951556532484768,-0.0020981769512793407,-0.00026494284092988015,0.005378316471204417,0.0001114531980327131,-0.003280139519925076,-0.0032870078564661517
40,325,0.0,0.0,0.0,1.9133783472380288,2.1051358541379024,1.9133783472380288,4.1877675509278,1.9133783472380288,3.6742792937173356,5.8050725569635765e-11,0.00900542304471571,0.0,-0.0021907774830718036,-0.0024644749751848525,0.00257634153283597,0.005751527176614678,0.0029829349495299083,-0.0032870522014298255,0.00328698763086287
40,326,0.0,0.0,0.0,1.9133783472380288,2.1051358541379024,1.9133783472380288,4.1939034740793435,1.9133783472380288,3.6742688036916196,5.805072556962736e-11,0.0078099830876648246,0.0,-0.0010434005250192955,-0.0040355153087255164,0.00277052711256424,0.004167707405880695,0.0027868787640349217,-0.0001321920971551782,0.003285117025096153
40,327,0.0,0.0,0.0,1.9133783472380288,2.1114670897894454,1.9133783472380288,4.1877675509278,1.9133783472380288,3.6743259544584275,5.8050725569635765e-11,0.012636914032146597,0.0,-0.0033636743822873217,-0.0040546353034217756,0.0023805417593956613,0.008988451364694075,0.002991255601330791,-0.0049338160612722995,0.003491108056104062
40,328,0.0,0.0,0.0,1.9133783472380288,2.1114670897894454,1.9133783472380288,4.1939034740793435,1.9133783472380288,3.674305397938321,5.805072556962736e-11,0.010996444819382114,0.0,-0.0022162974242348134,-0.00562567563696244,0.002574727339123931,0.0073922974974363126,0.0027934043351593905,-0.0017666218604738717,0.003487442369660931
40,329,0.0,0.0,0.0,1.9133783472380288,2.1051358541379024,1.9133783472380288,4.181631627776257,1.9248109844057235,3.674384170409487,5.805072556962736e-11,0.01631836347441915,0.0,-0.0015831498470794492,-0.0012560206682567796,0.005235428232362576,0.00771096388789549,0.006091890910152307,-0.00645494321963871,0.00982644062920331
40,330,0.0,0.0,0.0,1.901945710070334,2.1051358541379024,1.9133783472380288,4.1877675509278,1.9248109844057235,3.6743298643012174,5.8050725569635765e-11,0.011478124572006672,0.0,0.0030571558468193184,-0.0027865808307714237,-0.001180587559016663,0.006473163311635294,0.0030603775151974667,-0.00368658248086387,0.006955837686791885
40,331,0.0,0.0,0.0,1.9133783472380288,2.1051358541379024,1.9133783472380288,4.1877675509278,1.9248109844057235,3.674354262680935,5.8050725569635765e-11,0.014731004279589921,0.0,-0.0004581774221085585,-0.0028185062159451486,0.005442219844656673,0.0061120453185016885,0.005879222531227271,-0.0032935391025565404,0.009821459720484144
40,332,0.0,0.0,0.0,1.9133783472380288,2.1051358541379024,1.9133783472380288,4.1939034740793435,1.9248109844057235,3.6743437519534465,5.805072556962736e-11,0.014167935297485158,0.0,0.000670796839604158,-0.004392647485143759,0.00565090124374745,0.004525100459881857,0.005668475819516773,-0.00013245297473809872,0.009819709227843275
40,333,0.0,0.0,0.0,1.9133783472380288,2.1114670897894454,1.9133783472380288,4.1939034740793435,1.9248109844057235,3.6743826191360904,5.805072556962736e-11,0.016177853592167564,0.0,-0.00050210005961136,-0.005982807813380682,0.005455101470307141,0.007752915483206038,0.005690162509528649,-0.0017701076698253557,0.010014978380365847
40,334,0.0,0.0,0.0,1.9133783472380288,2.1051358541379024,1.9248109844057235,4.181631627776257,1.9133783472380288,3.6743829164406665,5.805072556962736e-11,0.016234428677157627,0.0,-0.001572474799399349,-0.000555903495766045,0.005227149936614537,0.007361799018436816,0.009718668937283704,-0.0068058955226707706,0.00620347062188798
40,335,0.0,0.0,0.0,1.901945710070334,2.1051358541379024,1.9248109844057235,4.1877675509278,1.901945710070334,3.674326043934679,5.8050725569635765e-11,0.009728232052315105,0.0,0.0013253893100132206,-0.0017966271125265953,-0.004020312419570479,0.005749577202751017,0.003788769300287383,-0.003952950090224421,-0.003233084575320563
40,336,0.0,0.0,0.0,1.901945710070334,2.1051358541379024,1.9248109844057235,4.1939034740793435,1.901945710070334,3.674311447107304,5.805072556962736e-11,0.008598073746176124,0.0,0.002491468265657602,-0.003361389699690109,-0.003833863276974382,0.004166299592573431,0.003614235094414998,-0.0008049098928833229,-0.0032639519202569056
40,337,0.0,0.0,0.0,1.901945710070334,2.1051358541379024,1.9248109844057235,4.1877675509278,1.9133783472380288,3.6743267048814294,5.8050725569635765e-11,0.011194975972860302,0.0,0.003086168359426185,-0.002136359908126823,-0.0012030189978490973,0.006150228275349171,0.006684789723624853,-0.004013868367222348,0.003341990838794383
40,338,0.0,0.0,0.0,1.901945710070334,2.1051358541379024,1.9248109844057235,4.1939034740793435,1.9133783472380288,3.6743117546451476,5.805072556962736e-11,0.010361705190041787,0.0,0.004233545317478693,-0.0037040968658630584,-0.0010022736612670786,0.00456328341672934,0.006495570267890413,-0.0008591865508662815,0.003311034918381027
40,339,0.0,0.0,0.0,1.9133783472380288,2.1051358541379024,1.9248109844057235,4.1877675509278,1.9133783472380288,3.674350845860869,5.8050725569635765e-11,0.014476149071243574,0.0,-0.00042916490950169217,-0.0021153101057261783,0.005419622906211825,0.005762880449043014,0.009527822799083055,-0.0036475703433168365,0.0061832752125602335
40,340,0.0,0.0,0.0,1.9133783472380288,2.1051358541379024,1.9248109844057235,4.1939034740793435,1.9133783472380288,3.674338153322661,5.805072556962736e-11,0.013730836116427001,0.0,0.0007182120485508161,-0.0036863504392668426,0.005613808485940094,0.004175935590423183,0.009338603343348614,-0.0004895851511563403,0.0061667140805780046
40,341,0.0,0.0,0.0,1.9133783472380288,2.1114670897894454,1.9248109844057235,4.1877675509278,1.9133783472380288,3.674397598708021,5.8050725569635765e-11,0.01686702798313246,0.0,-0.0015832497998803038,-0.003708611648490788,0.00520933617519022,0.009006194081998676,0.009535613104170925,-0.005297582433507888,0.006402744767254888
40,342,0.0,0.0,0.0,1.9133783472380288,2.1114670897894454,1.9248109844057235,4.1939034740793435,1.9133783472380288,3.674374819816158,5.805072556962736e-11,0.015643901960351793,0.0,-0.00043587284182779553,-0.0052796519820314525,0.00540352175491849,0.00740689182827505,0.009344715003572878,-0.0021272398462435973,0.006384200544030189
40,343,0.0,0.0,0.0,1.9248109844057235,2.1051358541379024,1.9133783472380288,4.181631627776257,1.9133783472380288,3.6743739638001696,5.805072556962736e-11,0.016946271513027498,0.0,-0.0067931622853391665,-0.0009068557987981054,0.008949485379903198,0.006998133213304293,0.00602401200397564,-0.006091277414506187,0.006143870011459352
40,344,0.0,0.0,0.0,1.9248109844057235,2.1051358541379024,1.901945710070334,4.1877675509278,1.901945710070334,3.674317438769611,5.8050725569635765e-11,0.012609380572592322,0.0,-0.00920089486606216,-0.0024636457944853018,0.003426695500234218,0.005070544527020349,-0.0036299178597175566,-0.0026068987325350472,-0.003293261751765835
40,345,0.0,0.0,0.0,1.9248109844057235,2.1051358541379024,1.901945710070334,4.1877675509278,1.9133783472380288,3.674317409267024,5.8050725569635765e-11,0.012262966561216893,0.0,-0.007440115816649197,-0.002856689172792631,0.006292317533926477,0.0054164994280518994,-0.000782633842531675,-0.002559810255259268,0.0032813841911863775
40,346,0.0,0.0,0.0,1.9248109844057235,2.1051358541379024,1.9133783472380288,4.1877675509278,1.901945710070334,3.674313617367805,5.8050725569635765e-11,0.011894495828693712,0.0,-0.007410631444854474,-0.002076297968179145,0.00626972857569242,0.005029151601745743,0.0029547345714085677,-0.0029528536335665977,-0.00044597773457995336
40,347,0.0,0.0,0.0,1.9248109844057235,2.1051358541379024,1.9133783472380288,4.1877675509278,1.9133783472380288,3.674346277828526,5.8050725569635765e-11,0.015200782740884251,0.0,-0.00564985239544151,-0.0024693413464864744,0.00913535060938468,0.005402362307156004,0.005826216322905763,-0.0029330209606695293,0.006152865942683573
40,348,0.0,0.0,0.0,1.9248109844057235,2.1051358541379024,1.9133783472380288,4.1939034740793435,1.9133783472380288,3.6743379696135294,5.805072556962736e-11,0.014418073762517443,0.0,-0.0045024754373890015,-0.004043482615685085,0.009322819572478252,0.003818542536422021,0.005630160137410777,0.00022494007926306345,0.006165491156279363
40,349,0.0,0.0,0.0,1.9248109844057235,2.1114670897894454,1.9133783472380288,4.1877675509278,1.9133783472380288,3.674390737880472,5.8050725569635765e-11,0.017692924859277055,0.0,-0.006822749294657028,-0.004062642889251084,0.00894619311708637,0.008642427709763088,0.00582005001712535,-0.004579784820512004,0.006356986367924765
40,350,0.0,0.0,0.0,1.9248109844057235,2.1114670897894454,1.9133783472380288,4.1939034740793435,1.9133783472380288,3.674372363171085,5.805072556962736e-11,0.016468206089906918,0.0,-0.00567537233660452,-0.005636784158449694,0.009133662080179942,0.007046273842505325,0.005622198750953949,-0.0014094896840556302,0.0063678165008441414
40,351,0.0,0.0,0.0,1.9248109844057235,2.1051358541379024,1.9248109844057235,4.1877675509278,1.9133783472380288,3.6744504790104227,5.8050725569635765e-11,0.020952629585265205,0.0,-0.0038882398218713986,-0.002093756115257485,0.012003680229723618,0.005387295217814025,0.012396152419421994,-0.0032935391025565404,0.009049153524380935
40,352,0.0,0.0,0.0,1.901945710070334,2.1051358541379024,1.901945710070334,4.200039397230885,1.901945710070334,3.674386485727304,5.805072556962736e-11,0.017477354442805265,0.0,0.00010976068480110156,-0.005595890109031771,-0.00925936398120709,0.0025853131452867684,-0.009618357113660377,0.003010576963745002,-0.00895186305653501
40,353,0.0,0.0,0.0,1.901945710070334,2.1051358541379024,1.901945710070334,4.206175320382428,1.901945710070334,3.674414599335994,5.8050725569635765e-11,0.018724262718356664,0.0,0.0012839745008205918,-0.007184280978348871,-0.009069589016546567,0.0010311724693893374,-0.009803299213949217,0.006153108508959534,-0.008947030192163329
40,354,0.0,0.0,0.0,1.901945710070334,2.1114670897894454,1.901945710070334,4.200039397230885,1.901945710070334,3.674412982370406,5.805072556962736e-11,0.018615399964963367,0.0,-0.0010822541815573826,-0.007179696288984557,-0.009447363007342504,0.005784891003901388,-0.009613802213439932,0.0013948052850831683,-0.00875930913017915
40,355,0.0,0.0,0.0,1.901945710070334,2.1051358541379024,1.901945710070334,4.200039397230885,1.9133783472380288,3.6743214850859656,5.805072556962736e-11,0.012229980845293809,0.0,0.0018330701508139497,-0.005941592981437631,-0.006413301005964079,0.002925294391587242,-0.006799872361459793,0.003016298589850389,-0.0024260378718292106
40,356,0.0,0.0,0.0,1.901945710070334,2.1051358541379024,1.9133783472380288,4.200039397230885,1.901945710070334,3.6743140005595816,5.805072556962736e-11,0.01157373672932194,0.0,0.0019000241060087887,-0.005260825119482626,-0.006464356137051936,0.002590229402038098,-0.0030687798563150265,0.0026705957174445287,-0.006133378304334427
40,357,0.0,0.0,0.0,1.901945710070334,2.1051358541379024,1.9133783472380288,4.206175320382428,1.901945710070334,3.674340037146183,5.8050725569635765e-11,0.013375494164999956,0.0,0.003074237922028279,-0.0068492159887997275,-0.006274581172391413,0.0010331336720720854,-0.003247162399028312,0.005816082316727642,-0.00614268137392524
40,358,0.0,0.0,0.0,1.901945710070334,2.1114670897894454,1.9133783472380288,4.200039397230885,1.901945710070334,3.6743405475888706,5.805072556962736e-11,0.013079412452109586,0.0,0.0007271272067932706,-0.006847644377671344,-0.006666642394410874,0.005795891570397543,-0.0030645213175182406,0.0010517528072738016,-0.005926054995576113
40,359,0.0,0.0,0.0,1.9133783472380288,2.1051358541379024,1.901945710070334,4.200039397230885,1.901945710070334,3.674318031493943,5.805072556962736e-11,0.012272370383705431,0.0,-0.0034055725841267755,-0.005606527991888487,-0.002722659196070785,0.0022502481557376245,-0.006823349269505224,0.0033562798361508623,-0.006105800081292001
40,360,0.0,0.0,0.0,1.9133783472380288,2.1114670897894454,1.901945710070334,4.200039397230885,1.901945710070334,3.674342416311425,5.805072556962736e-11,0.013990568345326596,0.0,-0.0045975874504852595,-0.007193347250077205,-0.0029040730941534403,0.005452839092588176,-0.006833081600508302,0.0017405081574890287,-0.00591324615493614
40,361,0.0,0.0,0.0,1.9133783472380288,2.1051358541379024,1.9133783472380288,4.200039397230885,1.9133783472380288,3.6742776714501293,5.805072556962736e-11,0.008589231225053527,0.0,0.00010800030309375979,-0.005618340530039464,0.0029664381142255757,0.0025956852875943406,0.002592549081681596,0.0030226552424451234,0.0032866983444041634
40,362,0.0,0.0,0.0,1.9133783472380288,2.1051358541379024,1.9133783472380288,4.206175320382428,1.9133783472380288,3.67430589784916,5.8050725569635765e-11,0.010930171006452737,0.0,0.0012633816516776247,-0.007213103941176746,0.003164087516187946,0.0010353094798770826,0.0023999330767984295,0.006177794461299664,0.0032917317414833673
40,363,0.0,0.0,0.0,1.9133783472380288,2.1114670897894454,1.9133783472380288,4.200039397230885,1.9133783472380288,3.6743042743963907,5.805072556962736e-11,0.010741268981163858,0.0,-0.0010648965961217581,-0.007208500858276388,0.0027706383407852665,0.005808099686700857,0.0025972929808896904,0.0014004011715755304,0.0034872420170525666
40,364,0.0,0.0,0.0,1.9133783472380288,2.1051358541379024,1.9133783472380288,4.200039397230885,1.9248109844057235,3.674352637212232,5.805072556962736e-11,0.014747622132889963,0.0,0.001803730432815517,-0.005978595915169805,0.005861487615463493,0.0029499755499852063,0.005459635362508631,0.0030286203651845984,0.009821189009669244
40,365,0.0,0.0,0.0,1.9133783472380288,2.1051358541379024,1.9248109844057235,4.200039397230885,1.9133783472380288,3.6743448376754326,5.805072556962736e-11,0.014160040594926397,0.0,0.0018696128766638714,-0.00526917566058079,0.00580971948760143,0.002600810680526532,0.009150999486299329,0.002668364980054258,0.006153784625231198
40,366,0.0,0.0,0.0,1.9133783472380288,2.1051358541379024,1.9248109844057235,4.206175320382428,1.9133783472380288,3.6743708996395155,5.8050725569635765e-11,0.01566856240229685,0.0,0.0030249942252477363,-0.006863939071718072,0.006007368889563801,0.0010373541020464797,0.008965000274881504,0.005826584969671592,0.006144484621664397
40,367,0.0,0.0,0.0,1.9133783472380288,2.1114670897894454,1.9248109844057235,4.200039397230885,1.9133783472380288,3.674371493151297,5.805072556962736e-11,0.015437112430746268,0.0,0.0007155279862852598,-0.0068624772033454,0.005599432756579825,0.005819568215377649,0.009155443940413257,0.0010429089879677507,0.006369303904021343
40,368,0.0,0.0,0.0,1.9248109844057235,2.1051358541379024,1.9133783472380288,4.200039397230885,1.9133783472380288,3.674349038278054,5.805072556962736e-11,0.014752955470142295,0.0,-0.0033510746092759464,-0.005629431045711131,0.009511903211353506,0.0022465204181356664,0.005435830455057451,0.003382910627575464,0.006181747845642081
40,369,0.0,0.0,0.0,1.9248109844057235,2.1114670897894454,1.9133783472380288,4.200039397230885,1.9133783472380288,3.674373440535169,5.805072556962736e-11,0.01620672784817585,0.0,-0.004523971508491464,-0.00722273258847574,0.009322745719055196,0.0054620760317698695,0.005426087396684249,0.001760656556705871,0.006382291518290484
